u,v,a_phys,a_mean,a_std
-15,0.0,-0.8923000000000001,-0.8338083269145249,0.26458582840577594
-15,0.25,-0.8923000000000001,-0.8502771094184172,0.32902955090588376
-15,0.5,-0.8923000000000001,-0.8095509302492756,0.42102924639370837
-15,0.75,-0.8923000000000001,-0.6878772786409812,0.523103092875247
-15,1.0,-0.8923000000000001,-0.48168282843006915,0.6117096550630597
-15,1.25,-0.8923000000000001,-0.21512105305465878,0.6709581692146678
-15,1.5,-0.8923000000000001,0.06206942902882995,0.7007255269903754
-15,1.75,-0.8923000000000001,0.2873337633999,0.7090363123327612
-15,2.0,-0.8923000000000001,0.40466437017846646,0.7004904593339994
-15,2.25,-0.8923000000000001,0.3830060173175478,0.6756039650674123
-15,2.5,-0.8923000000000001,0.22613942380439633,0.639763699522322
-15,2.75,-0.8923000000000001,-0.02984010156058603,0.6082210853034781
-15,3.0,-0.8923000000000001,-0.3298526573904077,0.599969078358863
-15,3.25,-0.8923000000000001,-0.617937338760594,0.6290633595504106
-15,3.5,-0.8923000000000001,-0.8528131632454696,0.7005111485346768
-15,3.75,-0.8923000000000001,-1.0157148402737048,0.8057377817339859
-15,4.0,-0.8923000000000001,-1.1093442623396894,0.9170913269795774
-15,4.25,-0.8923000000000001,-1.150476869002215,0.9962861502991942
-15,4.5,-0.8923000000000001,-1.1605267343299173,1.0212660383332843
-15,4.75,-0.8923000000000001,-1.1579010754507704,1.0029608933127427
-15,5.0,-0.8923000000000001,-1.1540946029395924,0.9713270848767921
-15,5.25,-0.8923000000000001,-1.1534285968307643,0.951014599963231
-15,5.5,-0.8923000000000001,-1.1550554327125653,0.9499799291077847
-15,5.75,-0.8923000000000001,-1.155598704254762,0.9613590553370767
-15,6.0,-0.8923000000000001,-1.1512968610616279,0.9719091533403343
-15,6.25,-0.8923000000000001,-1.1392528021701032,0.9729626173022903
-15,6.5,-0.8923000000000001,-1.1179421297903358,0.9675772691727909
-15,6.75,-0.8923000000000001,-1.087326714666636,0.9676211199314257
-15,7.0,-0.8923000000000001,-1.0488224307817562,0.9829599250791254
-15,7.25,-0.8923000000000001,-1.0051669509273766,1.010234112753157
-15,7.5,-0.8923000000000001,-0.9601015475180723,1.0270228727850352
-15,7.75,-0.8923000000000001,-0.9177979780998301,0.9985881102799117
-15,8.0,-0.8923000000000001,-0.8820913355405388,0.9022257857364027
-15,8.25,-0.8923000000000001,-0.8557177434134129,0.7516512947835557
-15,8.5,-0.8923000000000001,-0.8398035176373706,0.5901697739578667
-15,8.75,-0.8923000000000001,-0.8337754695435169,0.4578047221793754
-15,9.0,-0.8923000000000001,-0.8357024225232136,0.3696978673931194
-15,9.25,-0.8923000000000001,-0.8429206797859303,0.3195212730370708
-15,9.5,-0.8923000000000001,-0.8527156812918519,0.29352016918095325
-15,9.75,-0.8923000000000001,-0.8628537667178833,0.28045721131284407
-15,10.0,-0.8923000000000001,-0.8718534075300804,0.27384486423252474
-15,10.25,-0.8923000000000001,-0.8789979400533378,0.27047547778422926
-15,10.5,-0.8923000000000001,-0.8841716701610286,0.2687945755191461
-15,10.75,-0.8923000000000001,-0.8876268741590569,0.2679995885734942
-15,11.0,-0.8923000000000001,-0.8897692158177147,0.2676514533266396
-15,11.25,-0.8923000000000001,-0.8910078576670527,0.26751221757057964
-15,11.5,-0.8923000000000001,-0.8916776548191876,0.2674617206275461
-15,11.75,-0.8923000000000001,-0.8920171239761726,0.2674451824954294
-15,12.0,-0.8923000000000001,-0.8921786272770412,0.2674403108985373
-15,12.25,-0.8923000000000001,-0.8922508331278984,0.26743902895754157
-15,12.5,-0.8923000000000001,-0.8922811949525794,0.26743873208192925
-15,12.75,-0.8923000000000001,-0.8922932093396588,0.2674386738906133
-15,13.0,-0.8923000000000001,-0.8922976850934912,0.2674386654440331
-15,13.25,-0.8923000000000001,-0.8922992551850791,0.26743866521143855
-15,13.5,-0.8923000000000001,-0.8922997738880402,0.26743866566758606
-15,13.75,-0.8923000000000001,-0.8922999352596488,0.26743866590894655
-15,14.0,-0.8923000000000001,-0.8922999825274893,0.26743866599560856
-15,14.25,-0.8923000000000001,-0.8922999955584735,0.26743866602001665
-15,14.5,-0.8923000000000001,-0.892299998937678,0.2674386660248269
-15,14.75,-0.8923000000000001,-0.8922999997612706,0.2674386660248662
-15,15.0,-0.8923000000000001,-0.8922999999496963,0.2674386660242799
-15,15.25,-0.8923000000000001,-0.8922999999900906,0.2674386660238873
-15,15.5,-0.8923000000000001,-0.8922999999981833,0.26743866602369987
-15,15.75,-0.8923000000000001,-0.8922999999996922,0.26743866602362326
-15,16.0,-0.8923000000000001,-0.8922999999999525,0.2674386660235946
-14,0.0,-0.8991000000000001,-0.7318729091206865,0.14159276508995036
-14,0.25,-0.8991000000000001,-0.8656761129240705,0.15972192074682345
-14,0.5,-0.8991000000000001,-0.9774310003758381,0.21517491353710266
-14,0.75,-0.8991000000000001,-1.0300434658596287,0.3177386622996418
-14,1.0,-0.8991000000000001,-1.0035389223861295,0.47773183155132665
-14,1.25,-0.8991000000000001,-0.9063164100514832,0.6859895945287221
-14,1.5,-0.8991000000000001,-0.7757115966522091,0.8882361646082705
-14,1.75,-0.8991000000000001,-0.6659964334481513,0.9947744989606226
-14,2.0,-0.8991000000000001,-0.628025315721548,0.9508708367584567
-14,2.25,-0.8991000000000001,-0.6892162079166767,0.7979471004819451
-14,2.5,-0.8991000000000001,-0.842791892070263,0.6329581206027782
-14,2.75,-0.8991000000000001,-1.0509025220360417,0.5257747569892421
-14,3.0,-0.8991000000000001,-1.259708417541646,0.5016303617706356
-14,3.25,-0.8991000000000001,-1.419232580050223,0.5710486525189437
-14,3.5,-0.8991000000000001,-1.499407223479308,0.7452131699072335
-14,3.75,-0.8991000000000001,-1.4965207947882306,1.0096281444581259
-14,4.0,-0.8991000000000001,-1.4292745230715407,1.2721505002945481
-14,4.25,-0.8991000000000001,-1.3280930751896478,1.3873130521405572
-14,4.5,-0.8991000000000001,-1.223224067997905,1.2987389455094116
-14,4.75,-0.8991000000000001,-1.136218638519431,1.0943272805282265
-14,5.0,-0.8991000000000001,-1.0767705546084756,0.8910739662097535
-14,5.25,-0.8991000000000001,-1.044246541450007,0.7444798284404912
-14,5.5,-0.8991000000000001,-1.0317312371903502,0.6569792062633216
-14,5.75,-0.8991000000000001,-1.0303019002517153,0.6121588850670661
-14,6.0,-0.8991000000000001,-1.0320787094586974,0.5933566080866286
-14,6.25,-0.8991000000000001,-1.0316543817229387,0.5895678998178934
-14,6.5,-0.8991000000000001,-1.026256001202637,0.5964054520797096
-14,6.75,-0.8991000000000001,-1.0152508223574228,0.6140074495101031
-14,7.0,-0.8991000000000001,-0.9994893736780396,0.6421906161204282
-14,7.25,-0.8991000000000001,-0.9807181882533005,0.674442713010451
-14,7.5,-0.8991000000000001,-0.9610882950440836,0.6943376191628019
-14,7.75,-0.8991000000000001,-0.9427157094538577,0.6805986781314314
-14,8.0,-0.8991000000000001,-0.9272880372220565,0.6228068502360447
-14,8.25,-0.8991000000000001,-0.915775246952386,0.5337957806979933
-14,8.5,-0.8991000000000001,-0.9083224167247699,0.44147420986665936
-14,8.75,-0.8991000000000001,-0.9043578026419717,0.3682541227292331
-14,9.0,-0.8991000000000001,-0.9028709840853231,0.32056717420881087
-14,9.25,-0.8991000000000001,-0.902753567743418,0.29345442855687803
-14,9.5,-0.8991000000000001,-0.9030841458542394,0.2792798166470071
-14,9.75,-0.8991000000000001,-0.9032806409556824,0.27228031545449743
-14,10.0,-0.8991000000000001,-0.9031087454679555,0.269049506139735
-14,10.25,-0.8991000000000001,-0.9025896358142216,0.26772715919308465
-14,10.5,-0.8991000000000001,-0.9018720267492352,0.26730511209988506
-14,10.75,-0.8991000000000001,-0.9011230301744545,0.2672490295782198
-14,11.0,-0.8991000000000001,-0.9004645175055165,0.2673014517103298
-14,11.25,-0.8991000000000001,-0.8999546740638366,0.2673606365351515
-14,11.5,-0.8991000000000001,-0.8995989912809937,0.26740011051380586
-14,11.75,-0.8991000000000001,-0.8993723549570692,0.2674212667935509
-14,12.0,-0.8991000000000001,-0.8992392988507162,0.2674312318393028
-14,12.25,-0.8991000000000001,-0.8991668902219845,0.26743557599929274
-14,12.5,-0.8991000000000001,-0.8991302053951511,0.26743740037634595
-14,12.75,-0.8991000000000001,-0.8991128451033193,0.2674381585649538
-14,13.0,-0.8991000000000001,-0.8991051512496968,0.26743847183899455
-14,13.25,-0.8991000000000001,-0.8991019508005015,0.26743859803232517
-14,13.5,-0.8991000000000001,-0.899100698721023,0.26743864578914334
-14,13.75,-0.8991000000000001,-0.8991002371182922,0.26743866189087995
-14,14.0,-0.8991000000000001,-0.8991000764076513,0.26743866626375495
-14,14.25,-0.8991000000000001,-0.8991000234388987,0.26743866689833123
-14,14.5,-0.8991000000000001,-0.8991000068643126,0.2674386666507781
-14,14.75,-0.8991000000000001,-0.8991000019240436,0.26743866635917585
-14,15.0,-0.8991000000000001,-0.8991000005166161,0.26743866617925866
-14,15.25,-0.8991000000000001,-0.8991000001324077,0.26743866608982797
-14,15.5,-0.8991000000000001,-0.8991000000319594,0.2674386660502449
-14,15.75,-0.8991000000000001,-0.899100000007005,0.26743866603391087
-14,16.0,-0.8991000000000001,-0.8991000000012539,0.2674386660274593
-13,0.0,-0.9059,-0.6206330804697842,0.14860179037545737
-13,0.25,-0.9059,-0.739553414784738,0.16275198252161155
-13,0.5,-0.9059,-0.8675190698516034,0.2036739889011194
-13,0.75,-0.9059,-0.9735088148765288,0.27390168087582056
-13,1.0,-0.9059,-1.032569321400116,0.37871005862207047
-13,1.25,-0.9059,-1.0360263820232327,0.5218588060551512
-13,1.5,-0.9059,-0.9958199517302486,0.6941593144255803
-13,1.75,-0.9059,-0.9402736895541254,0.8588057455209642
-13,2.0,-0.9059,-0.9026188930927231,0.953476611699122
-13,2.25,-0.9059,-0.9072598537735792,0.9351547496322136
-13,2.5,-0.9059,-0.9600160342545767,0.8305438156928372
-13,2.75,-0.9059,-1.046635523420534,0.7145338897113965
-13,3.0,-0.9059,-1.1397957419817204,0.647125695872117
-13,3.25,-0.9059,-1.2108327234708554,0.6521016931138712
-13,3.5,-0.9059,-1.2406388840481386,0.7276720435880591
-13,3.75,-0.9059,-1.225252619626681,0.8423793639951545
-13,4.0,-0.9059,-1.1747137189341181,0.9232099145343834
-13,4.25,-0.9059,-1.106951491039365,0.8942989918545119
-13,4.5,-0.9059,-1.0402218845990598,0.7568747841995147
-13,4.75,-0.9059,-0.9873833444061378,0.587702173914932
-13,5.0,-0.9059,-0.9536795497982494,0.4546082299759936
-13,5.25,-0.9059,-0.9378036339867285,0.37495063597727574
-13,5.5,-0.9059,-0.9347946134094741,0.33582016351434335
-13,5.75,-0.9059,-0.9390966844475518,0.32092272888217893
-13,6.0,-0.9059,-0.9466469616655611,0.32047363028924086
-13,6.25,-0.9059,-0.955637159647336,0.330625425254083
-13,6.5,-0.9059,-0.9661936841348686,0.3511105447915559
-13,6.75,-0.9059,-0.9794713772568379,0.383064968964393
-13,7.0,-0.9059,-0.9966244298653835,0.42554431111514346
-13,7.25,-0.9059,-1.0179663077308037,0.4700661037389665
-13,7.5,-0.9059,-1.0424879322864977,0.49781115735443887
-13,7.75,-0.9059,-1.0678092088812783,0.4885400288468236
-13,8.0,-0.9059,-1.0905651124678464,0.4392460303582076
-13,8.25,-0.9059,-1.1071375562910628,0.3703640520555237
-13,8.5,-0.9059,-1.1145406016514277,0.30849230453013154
-13,8.75,-0.9059,-1.1111948177380386,0.2676027850442331
-13,9.0,-0.9059,-1.097340321236144,0.24733993048469932
-13,9.25,-0.9059,-1.0749535795902951,0.2412536279184188
-13,9.5,-0.9059,-1.047209275806305,0.24298415869014348
-13,9.75,-0.9059,-1.0176864923437712,0.24806744443968226
-13,10.0,-0.9059,-0.9895873764216861,0.25379250810244053
-13,10.25,-0.9059,-0.965193564875446,0.2587284470621736
-13,10.5,-0.9059,-0.9456646321164679,0.26233612724215855
-13,10.75,-0.9059,-0.9311485383610899,0.26464984222924
-13,11.0,-0.9059,-0.9210840978455478,0.26598240334819057
-13,11.25,-0.9059,-0.9145536015133366,0.2666907852236377
-13,11.5,-0.9059,-0.9105775135233016,0.26705143470353937
-13,11.75,-0.9059,-0.9083008422550738,0.26723500497865266
-13,12.0,-0.9059,-0.9070721902274591,0.2673314637371534
-13,12.25,-0.9059,-0.9064457530937584,0.26738381517887694
-13,12.5,-0.9059,-0.9061431350429222,0.2674122791123928
-13,12.75,-0.9059,-0.906004113679045,0.26742715423544167
-13,13.0,-0.9059,-0.9059430866408809,0.26743434554299916
-13,13.25,-0.9059,-0.9059173322078186,0.26743744155504995
-13,13.5,-0.9059,-0.9059068091669279,0.267438560156933
-13,13.75,-0.9059,-0.9059026168876876,0.2674388462891314
-13,14.0,-0.9059,-0.9059009801989731,0.2674388471648547
-13,14.25,-0.9059,-0.9059003537902367,0.2674387854510987
-13,14.5,-0.9059,-0.9059001203469725,0.2674387320346914
-13,14.75,-0.9059,-0.9059000369892973,0.2674386989677501
-13,15.0,-0.9059,-0.9059000092930265,0.26743868142627847
-13,15.25,-0.9059,-0.9059000012048417,0.26743867291679313
-13,15.5,-0.9059,-0.9058999994311234,0.2674386690079451
-13,15.75,-0.9059,-0.9058999993741405,0.2674386672746902
-13,16.0,-0.9059,-0.9058999996152718,0.26743866652826276
-12,0.0,-0.9127000000000001,-0.5878708320394459,0.24658087795357334
-12,0.25,-0.9127000000000001,-0.6523434270620037,0.28273139207856146
-12,0.5,-0.9127000000000001,-0.7463582148583766,0.3193414301353534
-12,0.75,-0.9127000000000001,-0.8501442788274645,0.3445068173439985
-12,1.0,-0.9127000000000001,-0.9394569512554738,0.3605199744214045
-12,1.25,-0.9127000000000001,-0.9940062251726898,0.38522392293235025
-12,1.5,-0.9127000000000001,-1.005457516309777,0.4429922109913379
-12,1.75,-0.9127000000000001,-0.9812365455317913,0.5545664473283082
-12,2.0,-0.9127000000000001,-0.9419475863423612,0.718500301300883
-12,2.25,-0.9127000000000001,-0.9131774462201732,0.878663490148054
-12,2.5,-0.9127000000000001,-0.9152649679380037,0.9355391280111153
-12,2.75,-0.9127000000000001,-0.9556654050987177,0.8516423332380094
-12,3.0,-0.9127000000000001,-1.0271849134390085,0.7021146366763881
-12,3.25,-0.9127000000000001,-1.1123618996280882,0.5779531647632227
-12,3.5,-0.9127000000000001,-1.191333278253107,0.5133357992257384
-12,3.75,-0.9127000000000001,-1.2492265661330006,0.4983800238510492
-12,4.0,-0.9127000000000001,-1.2799784865331079,0.501527174727872
-12,4.25,-0.9127000000000001,-1.2857423177878222,0.4840028908968356
-12,4.5,-0.9127000000000001,-1.273287157994687,0.42700433929340736
-12,4.75,-0.9127000000000001,-1.249849566877499,0.34989074316508134
-12,5.0,-0.9127000000000001,-1.2204855971416757,0.2859013342859024
-12,5.25,-0.9127000000000001,-1.187658545962364,0.24981591358116545
-12,5.5,-0.9127000000000001,-1.152492201694395,0.23718024204389812
-12,5.75,-0.9127000000000001,-1.1164781134262418,0.23908446983863849
-12,6.0,-0.9127000000000001,-1.0825663479200158,0.24994913479220868
-12,6.25,-0.9127000000000001,-1.055170411718096,0.26863679883809416
-12,6.5,-0.9127000000000001,-1.0392331229224254,0.29808037192001796
-12,6.75,-0.9127000000000001,-1.0388436504288043,0.34331459459249253
-12,7.0,-0.9127000000000001,-1.0559306231721477,0.4050170628810781
-12,7.25,-0.9127000000000001,-1.0894124861164274,0.46925583976924856
-12,7.5,-0.9127000000000001,-1.1350107288553262,0.5046290371153591
-12,7.75,-0.9127000000000001,-1.1857882579295393,0.48152611131595313
-12,8.0,-0.9127000000000001,-1.2333454493032514,0.40239286254691375
-12,8.25,-0.9127000000000001,-1.2694566506951666,0.3027047170015819
-12,8.5,-0.9127000000000001,-1.287776304116685,0.21956280967440592
-12,8.75,-0.9127000000000001,-1.2851602616160385,0.171714123382915
-12,9.0,-0.9127000000000001,-1.2622127435471973,0.16038658297224062
-12,9.25,-0.9127000000000001,-1.2228966379581354,0.1729402613954554
-12,9.5,-0.9127000000000001,-1.1733549533057845,0.1942540445004993
-12,9.75,-0.9127000000000001,-1.12034815112796,0.21533304622928431
-12,10.0,-0.9127000000000001,-1.0698013152567187,0.23244187248371992
-12,10.25,-0.9127000000000001,-1.0258489195066511,0.2447238410699559
-12,10.5,-0.9127000000000001,-0.9905319540200246,0.25276828859584793
-12,10.75,-0.9127000000000001,-0.9640601668769287,0.2577466026404176
-12,11.0,-0.9127000000000001,-0.9454005042928473,0.2608301067538847
-12,11.25,-0.9127000000000001,-0.9329276660493238,0.262871050170281
-12,11.5,-0.9127000000000001,-0.9249458822489017,0.264344134753528
-12,11.75,-0.9127000000000001,-0.920001960390117,0.26545096121276507
-12,12.0,-0.9127000000000001,-0.9170033772925839,0.26626110685748017
-12,12.25,-0.9127000000000001,-0.9152046295754042,0.2668119646927837
-12,12.5,-0.9127000000000001,-0.9141317748123687,0.2671502877134913
-12,12.75,-0.9127000000000001,-0.9134965122862423,0.2673338847849933
-12,13.0,-0.9127000000000001,-0.9131261397562918,0.26741900705091876
-12,13.25,-0.9127000000000001,-0.9129161919932578,0.26744993569489217
-12,13.5,-0.9127000000000001,-0.9128021680293508,0.26745576549746947
-12,13.75,-0.9127000000000001,-0.9127437758799916,0.2674526116312545
-12,14.0,-0.9127000000000001,-0.9127161158676387,0.2674478534928603
-12,14.25,-0.9127000000000001,-0.9127043424404728,0.2674440471613494
-12,14.5,-0.9127000000000001,-0.912700099882209,0.26744159169445925
-12,14.75,-0.9127000000000001,-0.9126990312260782,0.2674401798094583
-12,15.0,-0.9127000000000001,-0.9126990748212648,0.2674394216377436
-12,15.25,-0.9127000000000001,-0.912699374120205,0.26743903123393997
-12,15.5,-0.9127000000000001,-0.91269963971632,0.26743883618636105
-12,15.75,-0.9127000000000001,-0.912699813161039,0.267438741744408
-12,16.0,-0.9127000000000001,-0.912699910380457,0.26743869786100566
-11,0.0,-0.9195000000000001,-0.4684832155571381,0.3172703176918357
-11,0.25,-0.9195000000000001,-0.5222538667559923,0.35091439292303256
-11,0.5,-0.9195000000000001,-0.6266787650934565,0.3518787658985659
-11,0.75,-0.9195000000000001,-0.7623201190010834,0.315546906290069
-11,1.0,-0.9195000000000001,-0.8974759554717092,0.26807951433593447
-11,1.25,-0.9195000000000001,-0.9979627886056363,0.24112316536863534
-11,1.5,-0.9195000000000001,-1.0397128982554045,0.25637983674038534
-11,1.75,-0.9195000000000001,-1.0187389498603432,0.3357573741558356
-11,2.0,-0.9195000000000001,-0.9534599803502326,0.5051340651656023
-11,2.25,-0.9195000000000001,-0.877653996554726,0.7455731811278133
-11,2.5,-0.9195000000000001,-0.8268730268090589,0.9149296964847832
-11,2.75,-0.9195000000000001,-0.8245062425397354,0.8615465204910665
-11,3.0,-0.9195000000000001,-0.8738320491049169,0.656272062836033
-11,3.25,-0.9195000000000001,-0.9592270830914552,0.47225965851538504
-11,3.5,-0.9195000000000001,-1.0550318726301586,0.3782883698076566
-11,3.75,-0.9195000000000001,-1.137052704354296,0.365970985876479
-11,4.0,-0.9195000000000001,-1.1911156417839313,0.4146395056489466
-11,4.25,-0.9195000000000001,-1.2154369894468506,0.488059485928186
-11,4.5,-0.9195000000000001,-1.217162398125007,0.518491295251026
-11,4.75,-0.9195000000000001,-1.206148974209496,0.4579749185483135
-11,5.0,-0.9195000000000001,-1.1896632694375815,0.34202924750663793
-11,5.25,-0.9195000000000001,-1.1702879144087,0.24093119339962932
-11,5.5,-0.9195000000000001,-1.1471437069465185,0.1873377206458625
-11,5.75,-0.9195000000000001,-1.1188580763093645,0.17424105717469926
-11,6.0,-0.9195000000000001,-1.086253581028731,0.18251984169197327
-11,6.25,-0.9195000000000001,-1.053379986056183,0.20139682626028466
-11,6.5,-0.9195000000000001,-1.02663664465017,0.23006376133199866
-11,6.75,-0.9195000000000001,-1.0126598665003645,0.2704658434954422
-11,7.0,-0.9195000000000001,-1.0160264837828379,0.31890149326572154
-11,7.25,-0.9195000000000001,-1.0376705849586019,0.361671211244214
-11,7.5,-0.9195000000000001,-1.0744707482767542,0.38025197158848434
-11,7.75,-0.9195000000000001,-1.120003805325319,0.3649202543203485
-11,8.0,-0.9195000000000001,-1.166132196021921,0.3243932880064965
-11,8.25,-0.9195000000000001,-1.204928303569849,0.2789237645264091
-11,8.5,-0.9195000000000001,-1.2304137038947869,0.2443698740062509
-11,8.75,-0.9195000000000001,-1.239677170827488,0.22510980176767229
-11,9.0,-0.9195000000000001,-1.2331195331097295,0.21816853453950227
-11,9.25,-0.9195000000000001,-1.2138297924359533,0.2188137462452472
-11,9.5,-0.9195000000000001,-1.1863593178268323,0.22297321303760534
-11,9.75,-0.9195000000000001,-1.1553347471430764,0.227830311710667
-11,10.0,-0.9195000000000001,-1.124360264921057,0.23193216967085128
-11,10.25,-0.9195000000000001,-1.0955003869721291,0.23501239482436148
-11,10.5,-0.9195000000000001,-1.0693803090546492,0.23754759559457647
-11,10.75,-0.9195000000000001,-1.045709600699292,0.24024138112239007
-11,11.0,-0.9195000000000001,-1.0239227121180947,0.24363762031980124
-11,11.25,-0.9195000000000001,-1.0036641438196372,0.2479092301718455
-11,11.5,-0.9195000000000001,-0.9849822456740336,0.2527899616519216
-11,11.75,-0.9195000000000001,-0.9682510748016669,0.25766801371063747
-11,12.0,-0.9195000000000001,-0.9539427967817784,0.261857633730263
-11,12.25,-0.9195000000000001,-0.9423945448361698,0.26491449554654845
-11,12.5,-0.9195000000000001,-0.9336692067225185,0.2667798056658142
-11,12.75,-0.9195000000000001,-0.927539415660565,0.2676917490805794
-11,13.0,-0.9195000000000001,-0.9235662581357991,0.2679935423563459
-11,13.25,-0.9195000000000001,-0.9212182874798925,0.26798436213779214
-11,13.5,-0.9195000000000001,-0.9199809724532343,0.26786146091085905
-11,13.75,-0.9195000000000001,-0.9194280593333218,0.2677271967052346
-11,14.0,-0.9195000000000001,-0.9192494206546548,0.26762049721987297
-11,14.25,-0.9195000000000001,-0.9192453831375703,0.26754734921288814
-11,14.5,-0.9195000000000001,-0.919302995725686,0.26750122292781536
-11,14.75,-0.9195000000000001,-0.919367788515619,0.26747352498622035
-11,15.0,-0.9195000000000001,-0.9194194021486685,0.26745740869861895
-11,15.25,-0.9195000000000001,-0.9194543377561059,0.26744830091412325
-11,15.5,-0.9195000000000001,-0.9194756226607914,0.267443347239312
-11,15.75,-0.9195000000000001,-0.9194876178684916,0.2674407914730454
-11,16.0,-0.9195000000000001,-0.919493972792143,0.26743955876994724
-10,0.0,-0.9263000000000001,-0.3030614465134741,0.4200855212906455
-10,0.25,-0.9263000000000001,-0.362442053258212,0.4535435898821011
-10,0.5,-0.9263000000000001,-0.48495698331424564,0.4248726692906691
-10,0.75,-0.9263000000000001,-0.6478866804234098,0.346562136455502
-10,1.0,-0.9263000000000001,-0.813454658279249,0.2666941138743414
-10,1.25,-0.9263000000000001,-0.9400895106635436,0.2210936923436816
-10,1.5,-0.9263000000000001,-0.9974801690673462,0.2235947246187388
-10,1.75,-0.9263000000000001,-0.9792011563756383,0.28879231911436576
-10,2.0,-0.9263000000000001,-0.9066609100282632,0.44222923241091366
-10,2.25,-0.9263000000000001,-0.8214633060972859,0.6737001552669682
-10,2.5,-0.9263000000000001,-0.7686700724995463,0.8396510083089699
-10,2.75,-0.9263000000000001,-0.7781613256683162,0.7648983522324158
-10,3.0,-0.9263000000000001,-0.852626148826241,0.5278614918773855
-10,3.25,-0.9263000000000001,-0.9677109429689048,0.32774775966251823
-10,3.5,-0.9263000000000001,-1.0839763928619761,0.22847555425820976
-10,3.75,-0.9263000000000001,-1.164679328641477,0.20957977077983933
-10,4.0,-0.9263000000000001,-1.190954575403941,0.25722283988365086
-10,4.25,-0.9263000000000001,-1.1678222248338086,0.37197813266875807
-10,4.5,-0.9263000000000001,-1.1193187196826524,0.5179647340291427
-10,4.75,-0.9263000000000001,-1.0762088144096265,0.5793977272741244
-10,5.0,-0.9263000000000001,-1.0626151757061015,0.48296141582187974
-10,5.25,-0.9263000000000001,-1.087441713351684,0.3207247503648172
-10,5.5,-0.9263000000000001,-1.1434182284872594,0.2027564133866601
-10,5.75,-0.9263000000000001,-1.2128230405591822,0.141366430118901
-10,6.0,-0.9263000000000001,-1.2762924118107284,0.10769295258988275
-10,6.25,-0.9263000000000001,-1.3205480177244822,0.08860509438333883
-10,6.5,-0.9263000000000001,-1.3421744484997729,0.09099446035831826
-10,6.75,-0.9263000000000001,-1.3467819581142066,0.1197328663581283
-10,7.0,-0.9263000000000001,-1.3448639922293866,0.16426646972358602
-10,7.25,-0.9263000000000001,-1.3466535079489992,0.20984527859600147
-10,7.5,-0.9263000000000001,-1.3581476420078444,0.2424966984006613
-10,7.75,-0.9263000000000001,-1.3795512532478238,0.25445483791300594
-10,8.0,-0.9263000000000001,-1.4062326976148924,0.24865398827374136
-10,8.25,-0.9263000000000001,-1.431358460290812,0.23488672528548427
-10,8.5,-0.9263000000000001,-1.4489259851510594,0.2220679478016582
-10,8.75,-0.9263000000000001,-1.4559790811126165,0.21420711693848907
-10,9.0,-0.9263000000000001,-1.4532560004932178,0.21074585435751178
-10,9.25,-0.9263000000000001,-1.4441942975810689,0.2087082568653705
-10,9.5,-0.9263000000000001,-1.432865004430691,0.2051204648534505
-10,9.75,-0.9263000000000001,-1.421802009517075,0.19874423550238746
-10,10.0,-0.9263000000000001,-1.4106804404146676,0.19059922737342955
-10,10.25,-0.9263000000000001,-1.3963861399788124,0.18349164669784204
-10,10.5,-0.9263000000000001,-1.3743892969066682,0.18082418915418078
-10,10.75,-0.9263000000000001,-1.3407750066730433,0.18483592637856103
-10,11.0,-0.9263000000000001,-1.294042570753096,0.19541194858069838
-10,11.25,-0.9263000000000001,-1.2359517715200374,0.21064108258544711
-10,11.5,-0.9263000000000001,-1.1711558149789016,0.22806870399213738
-10,11.75,-0.9263000000000001,-1.1058763389130648,0.24511626161458785
-10,12.0,-0.9263000000000001,-1.04621079767575,0.2592065719427826
-10,12.25,-0.9263000000000001,-0.9967019645599895,0.2686072397022172
-10,12.5,-0.9263000000000001,-0.9595835173059936,0.27324574269588153
-10,12.75,-0.9263000000000001,-0.9347895911426973,0.27440102538377065
-10,13.0,-0.9263000000000001,-0.9205380172263236,0.27368934238810366
-10,13.25,-0.9263000000000001,-0.9141629758833046,0.27232914169903366
-10,13.5,-0.9263000000000001,-0.9128919845063262,0.27097702696817805
-10,13.75,-0.9263000000000001,-0.9143789350121665,0.2698788175394697
-10,14.0,-0.9263000000000001,-0.9169437640020387,0.26906634535892526
-10,14.25,-0.9263000000000001,-0.9195729593269767,0.26849219980105304
-10,14.5,-0.9263000000000001,-0.9217808884892404,0.26809667963280415
-10,14.75,-0.9263000000000001,-0.9234275999787416,0.2678308698315346
-10,15.0,-0.9263000000000001,-0.9245570883908732,0.2676587829366375
-10,15.25,-0.9263000000000001,-0.9252837555324775,0.26755339556634045
-10,15.5,-0.9263000000000001,-0.9257279768447678,0.2674934342998954
-10,15.75,-0.9263000000000001,-0.9259883301252096,0.2674622375584631
-10,16.0,-0.9263000000000001,-0.9261354822065958,0.26744761393819705
-9,0.0,-0.9331,-0.17374359901923841,0.5922147299261731
-9,0.25,-0.9331,-0.23711954884177544,0.6066757808359691
-9,0.5,-0.9331,-0.37466967597981815,0.5202866322644886
-9,0.75,-0.9331,-0.5633098546338989,0.3855065920263736
-9,1.0,-0.9331,-0.7618238627188147,0.2732600337009707
-9,1.25,-0.9331,-0.9214801093739746,0.2127447109078703
-9,1.5,-0.9331,-1.0019015450024589,0.20413699083844397
-9,1.75,-0.9331,-0.9864299934389629,0.2514796677900053
-9,2.0,-0.9331,-0.8901286577787966,0.37598878043917927
-9,2.25,-0.9331,-0.7557680049672095,0.5937619769938174
-9,2.5,-0.9331,-0.6381766461447,0.8406939968718176
-9,2.75,-0.9331,-0.5829680420318666,0.949436046153517
-9,3.0,-0.9331,-0.608879057453235,0.8382039667192359
-9,3.25,-0.9331,-0.701748555298833,0.6286765651012547
-9,3.5,-0.9331,-0.8228209777130773,0.4637873299680817
-9,3.75,-0.9331,-0.9272333007809535,0.3873355908708697
-9,4.0,-0.9331,-0.9838019080268221,0.39307765953208196
-9,4.25,-0.9331,-0.9870100352368731,0.47039248600249894
-9,4.5,-0.9331,-0.9563559333117975,0.5908420783041911
-9,4.75,-0.9331,-0.9245445721222311,0.674045939170886
-9,5.0,-0.9331,-0.9210772041589578,0.6308420408823208
-9,5.25,-0.9331,-0.9592295184388402,0.47886548702032294
-9,5.5,-0.9331,-1.0318985176971112,0.319544760244274
-9,5.75,-0.9331,-1.1170200543452378,0.21337191917317802
-9,6.0,-0.9331,-1.188791340132206,0.16113994213147886
-9,6.25,-0.9331,-1.2288543061875496,0.14764720265061515
-9,6.5,-0.9331,-1.2325323344249721,0.16187224952724705
-9,6.75,-0.9331,-1.208244911401776,0.19923362161911742
-9,7.0,-0.9331,-1.1715794182238217,0.25642459425822384
-9,7.25,-0.9331,-1.1375638878709466,0.32257298944833473
-9,7.5,-0.9331,-1.1147686060273474,0.3782943577542293
-9,7.75,-0.9331,-1.1033514060175071,0.40668803466781384
-9,8.0,-0.9331,-1.0970817162405702,0.4050873422399901
-9,8.25,-0.9331,-1.087753917702405,0.3845775713706896
-9,8.5,-0.9331,-1.0697718047407316,0.3593924599731825
-9,8.75,-0.9331,-1.0430251076122892,0.337485446392421
-9,9.0,-0.9331,-1.0131091007636461,0.31795223786848653
-9,9.25,-0.9331,-0.9890193487841997,0.2947315090731186
-9,9.5,-0.9331,-0.9793476523342571,0.26347334078597945
-9,9.75,-0.9331,-0.9884961352662216,0.22596233112333228
-9,10.0,-0.9331,-1.0143938486116415,0.1886786138747515
-9,10.25,-0.9331,-1.0486385146873514,0.1597467736237201
-9,10.5,-0.9331,-1.0790591628385888,0.14799824439367412
-9,10.75,-0.9331,-1.0937420135650662,0.15870160168580452
-9,11.0,-0.9331,-1.0849826639667168,0.18775049162311652
-9,11.25,-0.9331,-1.0516889204183857,0.22565203406722345
-9,11.5,-0.9331,-0.9994349568387992,0.26254841181873106
-9,11.75,-0.9331,-0.938337665790214,0.28967681974797926
-9,12.0,-0.9331,-0.8797402293700781,0.30235728361913417
-9,12.25,-0.9331,-0.8330044329351776,0.30236200351459463
-9,12.5,-0.9331,-0.8034613425872179,0.2957194467994309
-9,12.75,-0.9331,-0.7919504476021506,0.28812730418066235
-9,13.0,-0.9331,-0.795721310394337,0.2823699637255275
-9,13.25,-0.9331,-0.8100577515138982,0.2786834933435811
-9,13.5,-0.9331,-0.8299198663451353,0.2762700427994595
-9,13.75,-0.9331,-0.8511125140499352,0.2743902881319909
-9,14.0,-0.9331,-0.870811464062397,0.2727034313630023
-9,14.25,-0.9331,-0.8875481604071297,0.2711737285102633
-9,14.5,-0.9331,-0.9008857118914223,0.26987963179326163
-9,14.75,-0.9331,-0.9110149130759848,0.2688855236128815
-9,15.0,-0.9331,-0.9184172094252101,0.2681984437846361
-9,15.25,-0.9331,-0.9236471952861158,0.26777581788632454
-9,15.5,-0.9331,-0.9272222737616916,0.26754967541204233
-9,15.75,-0.9331,-0.9295816186469912,0.2674495835748074
-9,16.0,-0.9331,-0.9310792694586075,0.2674179458829508
-8,0.0,-0.9399000000000001,-0.11269370328176509,0.6513784272357529
-8,0.25,-0.9399000000000001,-0.19161765917684226,0.6122447779060152
-8,0.5,-0.9399000000000001,-0.339150980077194,0.48170094864624785
-8,0.75,-0.9399000000000001,-0.5274360216493971,0.3379210925203182
-8,1.0,-0.9399000000000001,-0.7141392557049059,0.2369362439023516
-8,1.25,-0.9399000000000001,-0.8535095959190494,0.1869380130970854
-8,1.5,-0.9399000000000001,-0.9104053209892132,0.17831491551686654
-8,1.75,-0.9399000000000001,-0.8722237196116586,0.20599426550053515
-8,2.0,-0.9399000000000001,-0.7536945640728744,0.2716279806505316
-8,2.25,-0.9399000000000001,-0.591907725190428,0.373170670749646
-8,2.5,-0.9399000000000001,-0.43297066060382805,0.49041707843670035
-8,2.75,-0.9399000000000001,-0.3155246373368218,0.585417717432171
-8,3.0,-0.9399000000000001,-0.25798336037456726,0.6281405152023314
-8,3.25,-0.9399000000000001,-0.25474802637444893,0.6201267403499225
-8,3.5,-0.9399000000000001,-0.2824569947803258,0.587968378111885
-8,3.75,-0.9399000000000001,-0.3126674948338183,0.5605675599327805
-8,4.0,-0.9399000000000001,-0.3246537257763725,0.5554389569351023
-8,4.25,-0.9399000000000001,-0.31255880666826574,0.5768663856461073
-8,4.5,-0.9399000000000001,-0.28446507361917306,0.6169344242852814
-8,4.75,-0.9399000000000001,-0.25512029642038836,0.6570460307842787
-8,5.0,-0.9399000000000001,-0.2368778742039771,0.6758048675546116
-8,5.25,-0.9399000000000001,-0.23360821838104784,0.6635192609036644
-8,5.5,-0.9399000000000001,-0.24013851207193637,0.6292099261051387
-8,5.75,-0.9399000000000001,-0.24659869349540486,0.5913488542426266
-8,6.0,-0.9399000000000001,-0.2446358902492315,0.5641928562852045
-8,6.25,-0.9399000000000001,-0.23194173130512497,0.5524548989298692
-8,6.5,-0.9399000000000001,-0.21292937884969831,0.5536278005147234
-8,6.75,-0.9399000000000001,-0.19571414635930562,0.5625489934840217
-8,7.0,-0.9399000000000001,-0.1874489285084009,0.5749046285734213
-8,7.25,-0.9399000000000001,-0.19060962686029892,0.588088233664106
-8,7.5,-0.9399000000000001,-0.20195120455868676,0.5998423545030775
-8,7.75,-0.9399000000000001,-0.21427353073090216,0.6072187949909896
-8,8.0,-0.9399000000000001,-0.21980467996893094,0.6077510820980023
-8,8.25,-0.9399000000000001,-0.21353873881974594,0.6015365352722177
-8,8.5,-0.9399000000000001,-0.1952494808234645,0.5912007421490356
-8,8.75,-0.9399000000000001,-0.16968644347941142,0.5791902186442787
-8,9.0,-0.9399000000000001,-0.14515256447798752,0.5652890604971554
-8,9.25,-0.9399000000000001,-0.1310433981325595,0.5472247387782642
-8,9.5,-0.9399000000000001,-0.13506763604710137,0.5240993020388047
-8,9.75,-0.9399000000000001,-0.16091142664954627,0.49924543873549715
-8,10.0,-0.9399000000000001,-0.2070672571768034,0.47934693853439875
-8,10.25,-0.9399000000000001,-0.26730068397212536,0.4705318882725158
-8,10.5,-0.9399000000000001,-0.33270292044972294,0.47451604224006005
-8,10.75,-0.9399000000000001,-0.3946225333422061,0.48646488382380443
-8,11.0,-0.9399000000000001,-0.44732741517428576,0.49521551021845295
-8,11.25,-0.9399000000000001,-0.4893260747859781,0.4875390125113077
-8,11.5,-0.9399000000000001,-0.5228990646262431,0.4563335786976348
-8,11.75,-0.9399000000000001,-0.5522397831657285,0.40641978484437546
-8,12.0,-0.9399000000000001,-0.5812115376914317,0.35139982237990264
-8,12.25,-0.9399000000000001,-0.6117774390698052,0.3048346662637134
-8,12.5,-0.9399000000000001,-0.6436754565478274,0.27379470204244366
-8,12.75,-0.9399000000000001,-0.675214957616381,0.2577194758070213
-8,13.0,-0.9399000000000001,-0.7045588547836514,0.25141362202885054
-8,13.25,-0.9399000000000001,-0.7307585334615451,0.24941808133070859
-8,13.5,-0.9399000000000001,-0.7540940227467074,0.24860057051634002
-8,13.75,-0.9399000000000001,-0.7757128704424415,0.24826354346250928
-8,14.0,-0.9399000000000001,-0.7969017640145126,0.24893604603076036
-8,14.25,-0.9399000000000001,-0.8184211116944764,0.2510332756168212
-8,14.5,-0.9399000000000001,-0.8401993092460784,0.2542231178017412
-8,14.75,-0.9399000000000001,-0.8614449082103384,0.2576948440779628
-8,15.0,-0.9399000000000001,-0.8810334164683842,0.26074626593425576
-8,15.25,-0.9399000000000001,-0.8979448351764163,0.2630757101027332
-8,15.5,-0.9399000000000001,-0.911569543727285,0.2647072668959918
-8,15.75,-0.9399000000000001,-0.9218070393347485,0.26579569729657265
-8,16.0,-0.9399000000000001,-0.9289855856123324,0.2664968764170348
-7,0.0,-0.9399000000000001,-0.18501914478432624,0.6796896120638046
-7,0.25,-0.9399000000000001,-0.2686360551772272,0.5983239385287719
-7,0.5,-0.9399000000000001,-0.3970137913074975,0.43874407226024154
-7,0.75,-0.9399000000000001,-0.5442302405209704,0.28969085121019356
-7,1.0,-0.9399000000000001,-0.681668677671348,0.19328086263203142
-7,1.25,-0.9399000000000001,-0.7869060275352536,0.14406539611499244
-7,1.5,-0.9399000000000001,-0.8500253642020356,0.12484249954467323
-7,1.75,-0.9399000000000001,-0.8748460285870093,0.12255302980419087
-7,2.0,-0.9399000000000001,-0.8749281051435881,0.1279166824383581
-7,2.25,-0.9399000000000001,-0.8665490121800999,0.1330133444319326
-7,2.5,-0.9399000000000001,-0.8619751425895229,0.13263425025930609
-7,2.75,-0.9399000000000001,-0.8658028647090482,0.12655007445084715
-7,3.0,-0.9399000000000001,-0.8753787111338335,0.11815700009106032
-7,3.25,-0.9399000000000001,-0.8843377703126033,0.11101034829660306
-7,3.5,-0.9399000000000001,-0.8870763751064427,0.1069767606465198
-7,3.75,-0.9399000000000001,-0.8819373870874466,0.10634037871062078
-7,4.0,-0.9399000000000001,-0.871849229367687,0.10844521217152034
-7,4.25,-0.9399000000000001,-0.8625289323411637,0.11219694297921454
-7,4.5,-0.9399000000000001,-0.8594702037063237,0.11650176748064402
-7,4.75,-0.9399000000000001,-0.8653405940846313,0.12074704061521148
-7,5.0,-0.9399000000000001,-0.879015371693124,0.12510824367462153
-7,5.25,-0.9399000000000001,-0.8965389710518274,0.13035891724268447
-7,5.5,-0.9399000000000001,-0.9133108806950148,0.1371716822338005
-7,5.75,-0.9399000000000001,-0.9262359456401273,0.14527460437583595
-7,6.0,-0.9399000000000001,-0.9347288711672518,0.15303446028665516
-7,6.25,-0.9399000000000001,-0.9402098707742257,0.15809067067618662
-7,6.5,-0.9399000000000001,-0.9446226675250472,0.1590409537952207
-7,6.75,-0.9399000000000001,-0.949009127511591,0.15679337609680805
-7,7.0,-0.9399000000000001,-0.9529986515308722,0.15407179857147027
-7,7.25,-0.9399000000000001,-0.9553739492257537,0.15357890307502045
-7,7.5,-0.9399000000000001,-0.9551574374415472,0.15649065592008568
-7,7.75,-0.9399000000000001,-0.952408525565916,0.16200881045659768
-7,8.0,-0.9399000000000001,-0.9482523098601241,0.16786278236138205
-7,8.25,-0.9399000000000001,-0.9442614921951114,0.17153271362408062
-7,8.5,-0.9399000000000001,-0.9417048071980334,0.17158307867770453
-7,8.75,-0.9399000000000001,-0.941097785229479,0.16823049230861487
-7,9.0,-0.9399000000000001,-0.942100971367749,0.16293125372763406
-7,9.25,-0.9399000000000001,-0.94351524479928,0.15759093322541548
-7,9.5,-0.9399000000000001,-0.9432088677231071,0.1539543945400003
-7,9.75,-0.9399000000000001,-0.9381744976000624,0.15327996604709745
-7,10.0,-0.9399000000000001,-0.925151129527184,0.15622530988236472
-7,10.25,-0.9399000000000001,-0.9020150446052683,0.16283215109909865
-7,10.5,-0.9399000000000001,-0.8695078379240141,0.1724012552576489
-7,10.75,-0.9399000000000001,-0.8322998984675477,0.18314506611167136
-7,11.0,-0.9399000000000001,-0.7984088528667578,0.191951250083096
-7,11.25,-0.9399000000000001,-0.7767451846500734,0.19507335831227368
-7,11.5,-0.9399000000000001,-0.7736398246160839,0.1901730009843065
-7,11.75,-0.9399000000000001,-0.7899353599962774,0.17843105819596985
-7,12.0,-0.9399000000000001,-0.8201031591106968,0.16450216313978216
-7,12.25,-0.9399000000000001,-0.8539228987390536,0.15384384133821008
-7,12.5,-0.9399000000000001,-0.8800541696154943,0.14929801960776443
-7,12.75,-0.9399000000000001,-0.8899940525468295,0.14984688141635524
-7,13.0,-0.9399000000000001,-0.8808353562857556,0.15281714901045865
-7,13.25,-0.9399000000000001,-0.8558663524228516,0.1566008682882855
-7,13.5,-0.9399000000000001,-0.8230042580394583,0.1610358817007264
-7,13.75,-0.9399000000000001,-0.7918756592665566,0.16652826136590695
-7,14.0,-0.9399000000000001,-0.7707373848399929,0.1738484804634895
-7,14.25,-0.9399000000000001,-0.7643003835271668,0.183907491618225
-7,14.5,-0.9399000000000001,-0.7730180992726284,0.19674860393879992
-7,14.75,-0.9399000000000001,-0.7937855913062598,0.21115979826948933
-7,15.0,-0.9399000000000001,-0.8215202760841509,0.22541004763124228
-7,15.25,-0.9399000000000001,-0.850913950750407,0.23805201662913922
-7,15.5,-0.9399000000000001,-0.877766246122687,0.24824799609240997
-7,15.75,-0.9399000000000001,-0.8996141926656888,0.2557674458263079
-7,16.0,-0.9399000000000001,-0.9156940496161369,0.2608442389487727
-6,0.0,-0.8130000000000001,-0.21544334398266363,0.8061475696581699
-6,0.25,-0.8130000000000001,-0.321165798345996,0.6864885486726329
-6,0.5,-0.8130000000000001,-0.45296328077037995,0.4767446426767316
-6,0.75,-0.8130000000000001,-0.5823851426798102,0.29507971302441593
-6,1.0,-0.8130000000000001,-0.6846475551628805,0.1846770131058579
-6,1.25,-0.8130000000000001,-0.7468867916135091,0.13019090887488036
-6,1.5,-0.8130000000000001,-0.7711665186908828,0.10767327905445478
-6,1.75,-0.8130000000000001,-0.7710413315906871,0.10141106635819261
-6,2.0,-0.8130000000000001,-0.7637781111502169,0.10205933750373684
-6,2.25,-0.8130000000000001,-0.7623762912921658,0.1031597259149748
-6,2.5,-0.8130000000000001,-0.7711611485577631,0.10105476373594058
-6,2.75,-0.8130000000000001,-0.7863611197788122,0.09564951585668206
-6,3.0,-0.8130000000000001,-0.8003240220796809,0.08907475808764939
-6,3.25,-0.8130000000000001,-0.8065086413863812,0.08342836567832275
-6,3.5,-0.8130000000000001,-0.8027102788827561,0.079706792694218
-6,3.75,-0.8130000000000001,-0.7915171654277008,0.07792253630344895
-6,4.0,-0.8130000000000001,-0.7785665693666187,0.07751662599455676
-6,4.25,-0.8130000000000001,-0.7699309203724044,0.07767752066901493
-6,4.5,-0.8130000000000001,-0.7698413553461309,0.07762145307910331
-6,4.75,-0.8130000000000001,-0.7794144018371562,0.07690117146225631
-6,5.0,-0.8130000000000001,-0.7965566352024468,0.07562319295686266
-6,5.25,-0.8130000000000001,-0.8169213635124601,0.07438486624812939
-6,5.5,-0.8130000000000001,-0.8355665814998099,0.07393845290109292
-6,5.75,-0.8130000000000001,-0.8487371126675207,0.07480584603442883
-6,6.0,-0.8130000000000001,-0.855082562545751,0.07703889336665719
-6,6.25,-0.8130000000000001,-0.8558117131174562,0.08019604544062661
-6,6.5,-0.8130000000000001,-0.8537787405148647,0.08357934322205182
-6,6.75,-0.8130000000000001,-0.8520315655830638,0.08667807125342539
-6,7.0,-0.8130000000000001,-0.8525739612820581,0.08951079171762753
-6,7.25,-0.8130000000000001,-0.8558562398082132,0.09254021294481249
-6,7.5,-0.8130000000000001,-0.8610121279582426,0.09622182984273049
-6,7.75,-0.8130000000000001,-0.8664781722928714,0.10053805084222056
-6,8.0,-0.8130000000000001,-0.8706041098692598,0.10480250198348581
-6,8.25,-0.8130000000000001,-0.8721013979156991,0.10785940137832957
-6,8.5,-0.8130000000000001,-0.870384454274251,0.10864232109138647
-6,8.75,-0.8130000000000001,-0.8658263249767922,0.10679514415276208
-6,9.0,-0.8130000000000001,-0.8597609721802962,0.10289699690265097
-6,9.25,-0.8130000000000001,-0.8540035945969987,0.09811844472505817
-6,9.5,-0.8130000000000001,-0.8499130007182546,0.09365872138640487
-6,9.75,-0.8130000000000001,-0.8474453202984108,0.0904474586439319
-6,10.0,-0.8130000000000001,-0.8448648851874826,0.08924115069687395
-6,10.25,-0.8130000000000001,-0.8395041740291521,0.09085760329189747
-6,10.5,-0.8130000000000001,-0.8293083959886699,0.0961776731908855
-6,10.75,-0.8130000000000001,-0.8143186164482293,0.10564013337445785
-6,11.0,-0.8130000000000001,-0.7971866854250916,0.11813820632248602
-6,11.25,-0.8130000000000001,-0.7823425615747784,0.12992743619772396
-6,11.5,-0.8130000000000001,-0.7741857251724796,0.13549338129286626
-6,11.75,-0.8130000000000001,-0.775156258823852,0.13146159194101234
-6,12.0,-0.8130000000000001,-0.7845186207592773,0.11986986610432115
-6,12.25,-0.8130000000000001,-0.7982974954229309,0.1063972724678985
-6,12.5,-0.8130000000000001,-0.8103501209302411,0.09604801661601861
-6,12.75,-0.8130000000000001,-0.8142404910730071,0.09125108912147369
-6,13.0,-0.8130000000000001,-0.8053905818212882,0.09255034738782482
-6,13.25,-0.8130000000000001,-0.7828563917886636,0.09931976766310002
-6,13.5,-0.8130000000000001,-0.7500600693778735,0.10954053120679945
-6,13.75,-0.8130000000000001,-0.7140470342505584,0.11986917086312128
-6,14.0,-0.8130000000000001,-0.6833724335621155,0.1273665246599284
-6,14.25,-0.8130000000000001,-0.665350273407189,0.13229743602498026
-6,14.5,-0.8130000000000001,-0.663754675194073,0.13882366899392878
-6,14.75,-0.8130000000000001,-0.6778875243247263,0.15134729025799987
-6,15.0,-0.8130000000000001,-0.7032872000351489,0.17024939979213433
-6,15.25,-0.8130000000000001,-0.7336114464945551,0.19230023747817904
-6,15.5,-0.8130000000000001,-0.7627907123136918,0.21371667028539823
-6,15.75,-0.8130000000000001,-0.7866030491966148,0.23192092692658325
-6,16.0,-0.8130000000000001,-0.8032503163290645,0.245784222057503
-5,0.0,-0.6861,-0.2037110877102971,0.8419842047752637
-5,0.25,-0.6861,-0.3076060089020357,0.6943086325011654
-5,0.5,-0.6861,-0.42992745367963214,0.4672512880444823
-5,0.75,-0.6861,-0.5448379109090306,0.2844910432315269
-5,1.0,-0.6861,-0.631432333647686,0.17941266091571303
-5,1.25,-0.6861,-0.6806072963042381,0.13023305977820682
-5,1.5,-0.6861,-0.6966873513189457,0.11189706904092882
-5,1.75,-0.6861,-0.6932849405212261,0.10902863801839192
-5,2.0,-0.6861,-0.6858536120396889,0.11225725776651183
-5,2.25,-0.6861,-0.6848818549008288,0.11509051905475746
-5,2.5,-0.6861,-0.6928463219333356,0.11459674416481604
-5,2.75,-0.6861,-0.7056008033417062,0.11166514155833776
-5,3.0,-0.6861,-0.716476812294165,0.10861981792469518
-5,3.25,-0.6861,-0.7204139482872937,0.10680256787159545
-5,3.5,-0.6861,-0.7161700350777535,0.10601320576814352
-5,3.75,-0.6861,-0.7062171391138726,0.10523334831561068
-5,4.0,-0.6861,-0.695152559518628,0.1036232461557768
-5,4.25,-0.6861,-0.6877527110665064,0.1010711356009652
-5,4.5,-0.6861,-0.6873960754075968,0.09801600443224075
-5,4.75,-0.6861,-0.6950959631556649,0.09493508597730739
-5,5.0,-0.6861,-0.7092114432691793,0.09208714108990682
-5,5.25,-0.6861,-0.7259540126258751,0.08966166509044712
-5,5.5,-0.6861,-0.7407294442435477,0.08802953754980064
-5,5.75,-0.6861,-0.7499796909485216,0.08774617074284242
-5,6.0,-0.6861,-0.7527458173474247,0.089252423795109
-5,6.25,-0.6861,-0.7510909506750924,0.0924846506722845
-5,6.5,-0.6861,-0.7490255225215581,0.09666596836096351
-5,6.75,-0.6861,-0.750425691888815,0.10054254662893398
-5,7.0,-0.6861,-0.7570645198295302,0.1031141481804027
-5,7.25,-0.6861,-0.7678232837192023,0.10432669071595708
-5,7.5,-0.6861,-0.7794304715002429,0.10499864356533588
-5,7.75,-0.6861,-0.7881784058568645,0.10602044219524694
-5,8.0,-0.6861,-0.7915886604353587,0.10756919525526737
-5,8.25,-0.6861,-0.7891989463495991,0.10891905671538968
-5,8.5,-0.6861,-0.782293023401497,0.10895475134030976
-5,8.75,-0.6861,-0.7729950682754391,0.10702957543350294
-5,9.0,-0.6861,-0.7633419238479995,0.10344298832865177
-5,9.25,-0.6861,-0.7547372540109397,0.09916953622106102
-5,9.5,-0.6861,-0.7478502081692245,0.09533610880352503
-5,9.75,-0.6861,-0.7427978863845859,0.09309534894184465
-5,10.0,-0.6861,-0.7394005243280152,0.09389472645985014
-5,10.25,-0.6861,-0.7373408841307646,0.09971290008599447
-5,10.5,-0.6861,-0.7361423363292237,0.11287713208071654
-5,10.75,-0.6861,-0.7350221377906033,0.13481071858126903
-5,11.0,-0.6861,-0.7328510848968828,0.16277590609877077
-5,11.25,-0.6861,-0.7284989283103588,0.1864341158826785
-5,11.5,-0.6861,-0.7215970548182503,0.1917360300314645
-5,11.75,-0.6861,-0.7132779316647531,0.17397208369569664
-5,12.0,-0.6861,-0.7061464813752961,0.14323406309053555
-5,12.25,-0.6861,-0.7030258908882364,0.11356355354032553
-5,12.5,-0.6861,-0.7048980723706183,0.09252941440352841
-5,12.75,-0.6861,-0.7093341698727426,0.0812625868111538
-5,13.0,-0.6861,-0.7107914753789809,0.07859881889629398
-5,13.25,-0.6861,-0.703142026802048,0.08358711133289304
-5,13.5,-0.6861,-0.6832679373781511,0.09555213352844262
-5,13.75,-0.6861,-0.6536079775892679,0.11238474945351741
-5,14.0,-0.6861,-0.6219497976479026,0.12899255760496584
-5,14.25,-0.6861,-0.5983470130161165,0.139203080826156
-5,14.5,-0.6861,-0.5907531242159757,0.14109128191222187
-5,14.75,-0.6861,-0.6016742741343307,0.1399060570801762
-5,15.0,-0.6861,-0.6274509379572916,0.1443721630495888
-5,15.25,-0.6861,-0.6602374822112613,0.15918623228980622
-5,15.5,-0.6861,-0.6913810351129507,0.1817670130530242
-5,15.75,-0.6861,-0.7144606356126514,0.20626066815899072
-5,16.0,-0.6861,-0.7267891446324823,0.227892282584089
-4,0.0,-0.5592,-0.23801617652124174,0.8373429787489506
-4,0.25,-0.5592,-0.3239988120472883,0.6580110952189135
-4,0.5,-0.5592,-0.4192599649851685,0.4214826854462994
-4,0.75,-0.5592,-0.5036873124919872,0.2483021308744991
-4,1.0,-0.5592,-0.5624511288801276,0.15645418199160738
-4,1.25,-0.5592,-0.5909869771155286,0.11784239556834282
-4,1.5,-0.5592,-0.595487193573619,0.10812605547339402
-4,1.75,-0.5592,-0.5888065680812153,0.11402400969754783
-4,2.0,-0.5592,-0.5840317486282548,0.126805067082707
-4,2.25,-0.5592,-0.5889779601879693,0.1383792796780949
-4,2.5,-0.5592,-0.6040314904618598,0.14385483213072603
-4,2.75,-0.5592,-0.6237228507917102,0.14395735028713358
-4,3.0,-0.5592,-0.6405258409693675,0.14216162173395172
-4,3.25,-0.5592,-0.6486696012694754,0.14054913105523523
-4,3.5,-0.5592,-0.6463390316292621,0.1385979467124266
-4,3.75,-0.5592,-0.6358331059038291,0.13458500520025216
-4,4.0,-0.5592,-0.622207168565469,0.12772180627543295
-4,4.25,-0.5592,-0.6112497297836672,0.11910303270083714
-4,4.5,-0.5592,-0.6075035861043208,0.11077951026191284
-4,4.75,-0.5592,-0.6128194610477762,0.10427912553562503
-4,5.0,-0.5592,-0.6258169653368588,0.10001828162153442
-4,5.25,-0.5592,-0.6425019026065354,0.097669826818242
-4,5.5,-0.5592,-0.6579486002861153,0.09683636430454969
-4,5.75,-0.5592,-0.6684260774589068,0.09745036236429118
-4,6.0,-0.5592,-0.6729572511995572,0.09961515455041035
-4,6.25,-0.5592,-0.6734396370009776,0.10302401633174285
-4,6.5,-0.5592,-0.6732022537373217,0.1064761424736601
-4,6.75,-0.5592,-0.6748287362341412,0.10815579481734829
-4,7.0,-0.5592,-0.6785891617680815,0.1068770152901029
-4,7.25,-0.5592,-0.6824686839747052,0.10322430696738598
-4,7.5,-0.5592,-0.6837344666452266,0.09917721816841152
-4,7.75,-0.5592,-0.6809502941697824,0.09659956832773858
-4,8.0,-0.5592,-0.675066387827754,0.0961506906114808
-4,8.25,-0.5592,-0.6688803807342453,0.09723407618063167
-4,8.5,-0.5592,-0.6652845156564072,0.09868952384276723
-4,8.75,-0.5592,-0.6654753439250435,0.09974030231069127
-4,9.0,-0.5592,-0.6682166057108926,0.10048710639163998
-4,9.25,-0.5592,-0.6704843727309683,0.10155927542521018
-4,9.5,-0.5592,-0.6690007777152881,0.10347257900900712
-4,9.75,-0.5592,-0.6617996746546518,0.10648448101321836
-4,10.0,-0.5592,-0.6491316657001548,0.11102841075241589
-4,10.25,-0.5592,-0.6334195326484978,0.11806551626502497
-4,10.5,-0.5592,-0.6183422298659756,0.12862693199122166
-4,10.75,-0.5592,-0.6074033627617555,0.14242599679857282
-4,11.0,-0.5592,-0.6025692434931702,0.1563277247136028
-4,11.25,-0.5592,-0.6036427078404921,0.16469216414402155
-4,11.5,-0.5592,-0.6087541951556203,0.16312044451394933
-4,11.75,-0.5592,-0.615677730448277,0.1523836445720356
-4,12.0,-0.5592,-0.6230185644300289,0.1374190608977307
-4,12.25,-0.5592,-0.6302793731850576,0.1230795352404447
-4,12.5,-0.5592,-0.6366328879874376,0.11194871530015091
-4,12.75,-0.5592,-0.6394028674231992,0.10504328162774246
-4,13.0,-0.5592,-0.633810785720981,0.10309133081368613
-4,13.25,-0.5592,-0.6148544770796288,0.10698523101498425
-4,13.5,-0.5592,-0.5805976306886936,0.11733033326259434
-4,13.75,-0.5592,-0.5348312655319133,0.13313980350434237
-4,14.0,-0.5592,-0.48710269115777505,0.15031195828876434
-4,14.25,-0.5592,-0.4495986539036324,0.16242783841519073
-4,14.5,-0.5592,-0.43232059455213656,0.16549007434686427
-4,14.75,-0.5592,-0.4390596062590747,0.16250516904951867
-4,15.0,-0.5592,-0.46618331577286976,0.16196741916445778
-4,15.25,-0.5592,-0.5046069360577964,0.17070172973445946
-4,15.5,-0.5592,-0.5436576106100605,0.18839272002253896
-4,15.75,-0.5592,-0.5748301335278154,0.20975097099656426
-4,16.0,-0.5592,-0.593894513325799,0.22956726118162263
-3,0.0,-0.4323,-0.19449570126083937,0.7800884667231894
-3,0.25,-0.4323,-0.27120880984586226,0.6292301086984582
-3,0.5,-0.4323,-0.35577504652046055,0.41987469548954104
-3,0.75,-0.4323,-0.43175914473136867,0.2597869280867302
-3,1.0,-0.4323,-0.48687740567391,0.17172363663813386
-3,1.25,-0.4323,-0.5168187695455801,0.1342812162959112
-3,1.5,-0.4323,-0.5255968708511093,0.12618637667738586
-3,1.75,-0.4323,-0.5225027081208318,0.13446185327327678
-3,2.0,-0.4323,-0.5174286813550811,0.1489127958347513
-3,2.25,-0.4323,-0.516934797549905,0.15976684004155148
-3,2.5,-0.4323,-0.5226703088994988,0.16216880538124112
-3,2.75,-0.4323,-0.532282208651822,0.1587522344732175
-3,3.0,-0.4323,-0.5417311609616856,0.15507477339111145
-3,3.25,-0.4323,-0.5476192089078367,0.15435180340035456
-3,3.5,-0.4323,-0.5486132753472752,0.15609759041162607
-3,3.75,-0.4323,-0.5457529351767683,0.15744438034429026
-3,4.0,-0.4323,-0.5418660227141643,0.1555441608555841
-3,4.25,-0.4323,-0.5404102621967071,0.1496714121793495
-3,4.5,-0.4323,-0.544061223545397,0.1413977918448005
-3,4.75,-0.4323,-0.5534748054263596,0.13300070101986392
-3,5.0,-0.4323,-0.5667744537290769,0.12598866672537695
-3,5.25,-0.4323,-0.5801774263519364,0.12082184628735934
-3,5.5,-0.4323,-0.5896571078571502,0.11742612715813174
-3,5.75,-0.4323,-0.5928793825875784,0.1157080828362799
-3,6.0,-0.4323,-0.5903305761740618,0.11562269797904877
-3,6.25,-0.4323,-0.5849126254047146,0.116838042487175
-3,6.5,-0.4323,-0.580191113011817,0.1184207529905704
-3,6.75,-0.4323,-0.5783642310326244,0.11906175777976089
-3,7.0,-0.4323,-0.5792318894544998,0.11795940560926524
-3,7.25,-0.4323,-0.5807724153341188,0.11561150335129483
-3,7.5,-0.4323,-0.5808186680592086,0.11354549359004272
-3,7.75,-0.4323,-0.5785794847666966,0.11315932943580488
-3,8.0,-0.4323,-0.5749494941455388,0.11475325137389761
-3,8.25,-0.4323,-0.5715387555264057,0.11744800029455038
-3,8.5,-0.4323,-0.5693349324230147,0.12004330712958583
-3,8.75,-0.4323,-0.5680828572304487,0.12225628946083263
-3,9.0,-0.4323,-0.566720307283377,0.12520097422000517
-3,9.25,-0.4323,-0.5642470999440329,0.1305830490710625
-3,9.5,-0.4323,-0.5601195810178562,0.13936508875041947
-3,9.75,-0.4323,-0.5539026146073324,0.15081840416052142
-3,10.0,-0.4323,-0.5448205043089699,0.1624490682531942
-3,10.25,-0.4323,-0.5320738674101103,0.17108721312532998
-3,10.5,-0.4323,-0.516017945237026,0.17465712265922234
-3,10.75,-0.4323,-0.4992198305159198,0.17325010430530058
-3,11.0,-0.4323,-0.4861174163773466,0.16876581053409173
-3,11.25,-0.4323,-0.48093822437764044,0.16375077253663317
-3,11.5,-0.4323,-0.48501165140850466,0.16026293047344714
-3,11.75,-0.4323,-0.49535183329070176,0.1590329264209295
-3,12.0,-0.4323,-0.5056718640542511,0.1590281458917727
-3,12.25,-0.4323,-0.5093040964922494,0.15786688015745812
-3,12.5,-0.4323,-0.5021659128725423,0.15354260543268783
-3,12.75,-0.4323,-0.48396725616900904,0.14649766808687098
-3,13.0,-0.4323,-0.45721393873134064,0.1397765919444391
-3,13.25,-0.4323,-0.42511286926681324,0.13694002115278528
-3,13.5,-0.4323,-0.39005281827778016,0.13997981623925554
-3,13.75,-0.4323,-0.3535996068458537,0.14836048584725378
-3,14.0,-0.4323,-0.31761643933702766,0.15869435927562492
-3,14.25,-0.4323,-0.2852716835122361,0.16579892102470495
-3,14.5,-0.4323,-0.26089857974787123,0.16626239400396614
-3,14.75,-0.4323,-0.24863182598517908,0.16222137302567094
-3,15.0,-0.4323,-0.25066139779290997,0.16086109656963715
-3,15.25,-0.4323,-0.2661759612621173,0.16856103592769106
-3,15.5,-0.4323,-0.2915702856635863,0.18529946963123212
-3,15.75,-0.4323,-0.32171830995694384,0.20606319461338884
-3,16.0,-0.4323,-0.35159867505550024,0.22573546897474034
-2,0.0,-0.3054,-0.25822420778931787,0.44070636944526437
-2,0.25,-0.3054,-0.30905646997729963,0.37164344831990476
-2,0.5,-0.3054,-0.3560623649591289,0.27808648346033
-2,0.75,-0.3054,-0.3913518656008731,0.2004121871459604
-2,1.0,-0.3054,-0.4118758545700355,0.15311504021031602
-2,1.25,-0.3054,-0.4199649559461981,0.1316976349410918
-2,1.5,-0.3054,-0.42126825227215103,0.12719835306780833
-2,1.75,-0.3054,-0.4213455450882676,0.13100958703149793
-2,2.0,-0.3054,-0.42294086692403277,0.13497823704637837
-2,2.25,-0.3054,-0.42541535929307883,0.1337663183240117
-2,2.5,-0.3054,-0.4263277490400431,0.12780417522500975
-2,2.75,-0.3054,-0.42379447884079224,0.12141847623236478
-2,3.0,-0.3054,-0.4179795192532746,0.11831484819080891
-2,3.25,-0.3054,-0.41094162680747526,0.11942227731181533
-2,3.5,-0.3054,-0.4053201136127206,0.12322862605502215
-2,3.75,-0.3054,-0.4030015438027038,0.12712156654694085
-2,4.0,-0.3054,-0.40460708234509013,0.1291902030313471
-2,4.25,-0.3054,-0.40980847567989864,0.12946138900690202
-2,4.5,-0.3054,-0.4178836252219976,0.1294671345778978
-2,4.75,-0.3054,-0.4279721712805823,0.13072040195624524
-2,5.0,-0.3054,-0.43897505144494675,0.13349896528518604
-2,5.25,-0.3054,-0.4494332398001054,0.1365490933994941
-2,5.5,-0.3054,-0.45770098625268807,0.13776381464242002
-2,5.75,-0.3054,-0.46241579699535473,0.13565719467370047
-2,6.0,-0.3054,-0.4630031212845095,0.1306710415811614
-2,6.25,-0.3054,-0.4599399286499356,0.12506664118012242
-2,6.5,-0.3054,-0.45466092845166906,0.12155196319856072
-2,6.75,-0.3054,-0.44913524074019795,0.12201348741929771
-2,7.0,-0.3054,-0.44519907099055545,0.12704786912707636
-2,7.25,-0.3054,-0.4437832692333251,0.13594141554770248
-2,7.5,-0.3054,-0.44429713709486707,0.146773949510787
-2,7.75,-0.3054,-0.4445441042806494,0.15680916431356895
-2,8.0,-0.3054,-0.44146707001915997,0.16336403936028135
-2,8.25,-0.3054,-0.43264846389364064,0.16493596664259472
-2,8.5,-0.3054,-0.4179508107706086,0.16200756443208944
-2,8.75,-0.3054,-0.40031694170586485,0.15697107542784344
-2,9.0,-0.3054,-0.38491403397354185,0.15313363014458797
-2,9.25,-0.3054,-0.37661716753196284,0.1534301703830267
-2,9.5,-0.3054,-0.3769644367816313,0.1594473072470087
-2,9.75,-0.3054,-0.3824663145600241,0.17069295466860224
-2,10.0,-0.3054,-0.3858024048356036,0.1840221175431433
-2,10.25,-0.3054,-0.37985272842789597,0.19427758478266918
-2,10.5,-0.3054,-0.3624840484038171,0.19736975274858812
-2,10.75,-0.3054,-0.33895887521452595,0.19384059531340186
-2,11.0,-0.3054,-0.3198195332088355,0.1886945575158789
-2,11.25,-0.3054,-0.31485913081046035,0.18742715828963766
-2,11.5,-0.3054,-0.3266219106389999,0.19213527149017007
-2,11.75,-0.3054,-0.34769640726598394,0.19955354056728972
-2,12.0,-0.3054,-0.36399209637514385,0.20172159244257531
-2,12.25,-0.3054,-0.3623891979793833,0.1915760683722248
-2,12.5,-0.3054,-0.3381717550881035,0.17049780670484366
-2,12.75,-0.3054,-0.2976268221594405,0.1477750468149971
-2,13.0,-0.3054,-0.25423014860377113,0.13235407457306672
-2,13.25,-0.3054,-0.2208970092408138,0.12798087198671937
-2,13.5,-0.3054,-0.2031193512630416,0.13386649911940052
-2,13.75,-0.3054,-0.1969654046116076,0.14549429402174044
-2,14.0,-0.3054,-0.19264946888629775,0.1545339283719349
-2,14.25,-0.3054,-0.18100052363566155,0.1525190654167727
-2,14.5,-0.3054,-0.1588069419214122,0.13854021999691357
-2,14.75,-0.3054,-0.13024291351873618,0.12173858208624538
-2,15.0,-0.3054,-0.10422505357599421,0.11464361606689674
-2,15.25,-0.3054,-0.08977415529321703,0.12331785682939643
-2,15.5,-0.3054,-0.09206700374064913,0.14384927964469413
-2,15.75,-0.3054,-0.11089434433741618,0.16915015587984963
-2,16.0,-0.3054,-0.14163718359405064,0.19417346729930487
-1,0.0,-0.17850000000000002,-0.3413362492759263,0.26403574801059704
-1,0.25,-0.17850000000000002,-0.35946700663092124,0.23977491978001453
-1,0.5,-0.17850000000000002,-0.36010384503326465,0.20991957310573184
-1,0.75,-0.17850000000000002,-0.3447420796009625,0.18506988008795452
-1,1.0,-0.17850000000000002,-0.32023548841161864,0.17130627927236944
-1,1.25,-0.17850000000000002,-0.2959520917835178,0.16889466717719215
-1,1.5,-0.17850000000000002,-0.2795308234518169,0.17338932019490155
-1,1.75,-0.17850000000000002,-0.2735402238188517,0.17681941366940568
-1,2.0,-0.17850000000000002,-0.27496406171851173,0.17205808012184087
-1,2.25,-0.17850000000000002,-0.27773795306681914,0.1588462326144608
-1,2.5,-0.17850000000000002,-0.2766318957615542,0.1434876528016507
-1,2.75,-0.17850000000000002,-0.2699860717841732,0.13241746154137188
-1,3.0,-0.17850000000000002,-0.25974540794702217,0.1280821681638229
-1,3.25,-0.17850000000000002,-0.24919843129611943,0.12923471619902516
-1,3.5,-0.17850000000000002,-0.24034366258278075,0.13277123407761812
-1,3.75,-0.17850000000000002,-0.23281333137382534,0.13607956226976525
-1,4.0,-0.17850000000000002,-0.2249218495336102,0.13916811098362136
-1,4.25,-0.17850000000000002,-0.21582384100686883,0.14471096639427714
-1,4.5,-0.17850000000000002,-0.20711817406813351,0.15598267125756213
-1,4.75,-0.17850000000000002,-0.20279531760018124,0.17432369214493576
-1,5.0,-0.17850000000000002,-0.20755625192646746,0.19667693492618918
-1,5.25,-0.17850000000000002,-0.22439144110472312,0.2142638089187286
-1,5.5,-0.17850000000000002,-0.25254528737573645,0.216304060512699
-1,5.75,-0.17850000000000002,-0.28678553052395983,0.19921862651807834
-1,6.0,-0.17850000000000002,-0.3184959903083783,0.1711162572476369
-1,6.25,-0.17850000000000002,-0.3385092189605218,0.14463892978885365
-1,6.5,-0.17850000000000002,-0.340749810196621,0.12802110398225347
-1,6.75,-0.17850000000000002,-0.3250080244824941,0.12362037374165896
-1,7.0,-0.17850000000000002,-0.2971937650469195,0.13041146737863868
-1,7.25,-0.17850000000000002,-0.2666198201380364,0.14486428722321912
-1,7.5,-0.17850000000000002,-0.24168696461824304,0.1604616397243897
-1,7.75,-0.17850000000000002,-0.22649408710022315,0.1699233499722405
-1,8.0,-0.17850000000000002,-0.22034739449216847,0.17033778396065435
-1,8.25,-0.17850000000000002,-0.22012892519940888,0.1647738775092268
-1,8.5,-0.17850000000000002,-0.22347096869264185,0.15823410927232182
-1,8.75,-0.17850000000000002,-0.23022703803571778,0.1536786341184406
-1,9.0,-0.17850000000000002,-0.2411989609069293,0.15154971840500037
-1,9.25,-0.17850000000000002,-0.25533925365367816,0.1513021205977803
-1,9.5,-0.17850000000000002,-0.26797049694204345,0.1526712066233077
-1,9.75,-0.17850000000000002,-0.2719567716428787,0.15556037395084826
-1,10.0,-0.17850000000000002,-0.2616534763701662,0.15899633370574365
-1,10.25,-0.17850000000000002,-0.23730927694396456,0.1607907799508913
-1,10.5,-0.17850000000000002,-0.2068565363636832,0.15921585662019797
-1,10.75,-0.17850000000000002,-0.18326154394182562,0.15551134083439572
-1,11.0,-0.17850000000000002,-0.17818405808323182,0.15400139467350507
-1,11.25,-0.17850000000000002,-0.19516017174728564,0.15921677449196997
-1,11.5,-0.17850000000000002,-0.22634989052196733,0.17233764141294658
-1,11.75,-0.17850000000000002,-0.2553411958819587,0.18792104189476103
-1,12.0,-0.17850000000000002,-0.26518139062240365,0.19373044001048886
-1,12.25,-0.17850000000000002,-0.2475398985220905,0.18034051617197433
-1,12.5,-0.17850000000000002,-0.20778113031619797,0.15316530746632773
-1,12.75,-0.17850000000000002,-0.16272451664200763,0.12716145730614517
-1,13.0,-0.17850000000000002,-0.1320181382676683,0.11253650492143603
-1,13.25,-0.17850000000000002,-0.12785096122244824,0.1115144980984363
-1,13.5,-0.17850000000000002,-0.14874462762973586,0.12148780669987577
-1,13.75,-0.17850000000000002,-0.18072441508811057,0.13464315772321858
-1,14.0,-0.17850000000000002,-0.2048546611960144,0.13784903193995798
-1,14.25,-0.17850000000000002,-0.2066759976701044,0.1226739820108413
-1,14.5,-0.17850000000000002,-0.18250805071036416,0.09587376202362188
-1,14.75,-0.17850000000000002,-0.13989723591518657,0.07109271268267818
-1,15.0,-0.17850000000000002,-0.09293750188874031,0.05674031396574041
-1,15.25,-0.17850000000000002,-0.05561957633093209,0.05842094322179977
-1,15.5,-0.17850000000000002,-0.03663414777460686,0.07776974367201349
-1,15.75,-0.17850000000000002,-0.03752450775052538,0.10841534624609646
-1,16.0,-0.17850000000000002,-0.05403447194104702,0.1432457932824707
0,0.0,-0.0516,-0.14375389510535133,0.341777702875773
0,0.25,-0.0516,-0.16284124438602446,0.3671794415497747
0,0.5,-0.0516,-0.1717519401874145,0.3808319563330077
0,0.75,-0.0516,-0.17098330899708927,0.3836679583318398
0,1.0,-0.0516,-0.16415745027831133,0.3808983604251194
0,1.25,-0.0516,-0.15584151656637638,0.3745512533754788
0,1.5,-0.0516,-0.1488866964300998,0.35996447795246767
0,1.75,-0.0516,-0.14302699058602944,0.33027785701192874
0,2.0,-0.0516,-0.13571426770625586,0.2859024711749236
0,2.25,-0.0516,-0.12457684929007709,0.23754867130793242
0,2.5,-0.0516,-0.10964865465624021,0.19778396516925653
0,2.75,-0.0516,-0.09365781417236888,0.17255437177473695
0,3.0,-0.0516,-0.08016807390131744,0.16083807205669381
0,3.25,-0.0516,-0.0710703496337998,0.1580944036751967
0,3.5,-0.0516,-0.06543493881676801,0.15940384197226118
0,3.75,-0.0516,-0.06062381602448532,0.16247889158453085
0,4.0,-0.0516,-0.05474852329208293,0.16968052895070299
0,4.25,-0.0516,-0.0485339526594001,0.18726678331759808
0,4.5,-0.0516,-0.04519009621026395,0.22278662385192177
0,4.75,-0.0516,-0.048444352588142524,0.28066990978400713
0,5.0,-0.0516,-0.06013218011335155,0.35270922897749696
0,5.25,-0.0516,-0.07880827948557104,0.4084959856484464
0,5.5,-0.0516,-0.09995521520956699,0.4100815836363067
0,5.75,-0.0516,-0.11744579484166398,0.3525421546816843
0,6.0,-0.0516,-0.12558185768317856,0.2719807492911262
0,6.25,-0.0516,-0.12112748687261501,0.20553819124717396
0,6.5,-0.0516,-0.10477579325580547,0.16627537131372552
0,6.75,-0.0516,-0.08134578918097404,0.15109019794454678
0,7.0,-0.0516,-0.058175124788964715,0.15229890969474
0,7.25,-0.0516,-0.042037603002137124,0.16030116745722406
0,7.5,-0.0516,-0.036065252616806286,0.1642876574469793
0,7.75,-0.0516,-0.03856046485410682,0.1582549430300928
0,8.0,-0.0516,-0.04457785977225361,0.1459192747428697
0,8.25,-0.0516,-0.04926858262468805,0.13555237505759282
0,8.5,-0.0516,-0.050667192230096435,0.13221090702372507
0,8.75,-0.0516,-0.050007633606637646,0.1355337936670703
0,9.0,-0.0516,-0.04954947219035057,0.14095612221427076
0,9.25,-0.0516,-0.04980318336136449,0.14283775612556787
0,9.5,-0.0516,-0.04846914794481041,0.13915685459987776
0,9.75,-0.0516,-0.04205235745551041,0.13289414388088186
0,10.0,-0.0516,-0.02905529217985183,0.12819847153967184
0,10.25,-0.0516,-0.012404447049497634,0.12665487323154187
0,10.5,-0.0516,0.0008429114135773755,0.1269527128597316
0,10.75,-0.0516,0.0027695180982199932,0.1269367803064117
0,11.0,-0.0516,-0.010794968453923935,0.12596451152300656
0,11.25,-0.0516,-0.036964199884601666,0.12519121269760639
0,11.5,-0.0516,-0.0659462419670184,0.12542814867575017
0,11.75,-0.0516,-0.08507760903590836,0.12503803856557788
0,12.0,-0.0516,-0.08498552777401444,0.12047646054002056
0,12.25,-0.0516,-0.06468109967307431,0.11007406306141979
0,12.5,-0.0516,-0.03262938540816931,0.0970308814253092
0,12.75,-0.0516,-0.0028743394776039807,0.08699518704026905
0,13.0,-0.0516,0.011908483381164993,0.08383147594219642
0,13.25,-0.0516,0.006684300667566846,0.08851026868883208
0,13.5,-0.0516,-0.013781949425152894,0.0987410663845694
0,13.75,-0.0516,-0.03793215246688133,0.10714568258781419
0,14.0,-0.0516,-0.05366867376744935,0.10384241077831423
0,14.25,-0.0516,-0.05425481955678304,0.08701408161754424
0,14.5,-0.0516,-0.040821304724622996,0.06611629684363952
0,14.75,-0.0516,-0.020677361443335006,0.050475158712213655
0,15.0,-0.0516,-0.0029863496805501363,0.0438767883131552
0,15.25,-0.0516,0.005555061300548926,0.050706304854173004
0,15.5,-0.0516,0.002969282458085566,0.07258611769743137
0,15.75,-0.0516,-0.008349056925616903,0.10440675187259597
0,16.0,-0.0516,-0.023704674029822723,0.14022160640185263
1,0.0,0.046000000000000006,-0.08011774046178724,0.22814610265285604
1,0.25,0.046000000000000006,-0.059766385000222834,0.23560750700574956
1,0.5,0.046000000000000006,-0.02199137463134119,0.24135270068291217
1,0.75,0.046000000000000006,0.024675575065314446,0.2417266548510266
1,1.0,0.046000000000000006,0.0676611433267593,0.23641641378228695
1,1.25,0.046000000000000006,0.09511312399601987,0.22665412298818205
1,1.5,0.046000000000000006,0.10089610275662395,0.21305654071322677
1,1.75,0.046000000000000006,0.08716208850360438,0.19570836282165874
1,2.0,0.046000000000000006,0.06298564280377203,0.17603738713079897
1,2.25,0.046000000000000006,0.03979835592298083,0.15759021955916205
1,2.5,0.046000000000000006,0.02625067518352627,0.144288340173962
1,2.75,0.046000000000000006,0.025333972264432535,0.13814845559836442
1,3.0,0.046000000000000006,0.0349474837785488,0.13835602411628178
1,3.25,0.046000000000000006,0.05079943053015042,0.1415229310087512
1,3.5,0.046000000000000006,0.06925827106976776,0.14334332928724272
1,3.75,0.046000000000000006,0.08834088698431117,0.14197080839726509
1,4.0,0.046000000000000006,0.10680081200663125,0.14023424757699984
1,4.25,0.046000000000000006,0.12276081309335016,0.1439408072684654
1,4.5,0.046000000000000006,0.13342661706649103,0.15869805822682684
1,4.75,0.046000000000000006,0.13626243752588493,0.18733370098923482
1,5.0,0.046000000000000006,0.1307000133509941,0.22565280295377985
1,5.25,0.046000000000000006,0.11902089908871757,0.2578239611958187
1,5.5,0.046000000000000006,0.10566800571195298,0.2631838397259748
1,5.75,0.046000000000000006,0.09528547860077172,0.23695754713021186
1,6.0,0.046000000000000006,0.0905177182406198,0.19669953422845615
1,6.25,0.046000000000000006,0.09070676328750046,0.16325453225130127
1,6.5,0.046000000000000006,0.09221707884927419,0.14616538570205467
1,6.75,0.046000000000000006,0.09039937507559578,0.14558771207268995
1,7.0,0.046000000000000006,0.08237372727149303,0.15662039229871405
1,7.25,0.046000000000000006,0.0691842378310443,0.16912642511574877
1,7.5,0.046000000000000006,0.05592230812760476,0.1704214743184078
1,7.75,0.046000000000000006,0.04939589157778875,0.15618543170014443
1,8.0,0.046000000000000006,0.05444074530288497,0.1351063234202044
1,8.25,0.046000000000000006,0.07102065175572633,0.1183206890214363
1,8.5,0.046000000000000006,0.09395901895428291,0.11035078279229832
1,8.75,0.046000000000000006,0.11553564439439398,0.10939615678840094
1,9.0,0.046000000000000006,0.12935851994704192,0.11018323515909056
1,9.25,0.046000000000000006,0.1331874955611165,0.10755848783017131
1,9.5,0.046000000000000006,0.12921993567643117,0.10104709723711508
1,9.75,0.046000000000000006,0.12204811495556675,0.09518630074529508
1,10.0,0.046000000000000006,0.11582149778654768,0.09519313981228637
1,10.25,0.046000000000000006,0.11230521834890392,0.10421724010254298
1,10.5,0.046000000000000006,0.11067035275295375,0.12260650725975407
1,10.75,0.046000000000000006,0.10874459341888373,0.14588578510684244
1,11.0,0.046000000000000006,0.10477311207766157,0.16383807224861716
1,11.25,0.046000000000000006,0.09868366968396966,0.16657092003117582
1,11.5,0.046000000000000006,0.09223797641459106,0.15313237751875178
1,11.75,0.046000000000000006,0.08803648739124245,0.1310278308779742
1,12.0,0.046000000000000006,0.08793386237304521,0.10870428482956646
1,12.25,0.046000000000000006,0.09179511204066501,0.09108839611416311
1,12.5,0.046000000000000006,0.09741717352309295,0.07987030174255669
1,12.75,0.046000000000000006,0.10177593880136768,0.0751094863079908
1,13.0,0.046000000000000006,0.10286148599588582,0.07623829964076981
1,13.25,0.046000000000000006,0.1008636146562025,0.08190782049511502
1,13.5,0.046000000000000006,0.09782335662768868,0.08868920161750059
1,13.75,0.046000000000000006,0.09591457762970809,0.09075486566332222
1,14.0,0.046000000000000006,0.09552460797128012,0.0838309722801413
1,14.25,0.046000000000000006,0.0945022612243582,0.07022424783788338
1,14.5,0.046000000000000006,0.0891657883121246,0.05653054881112478
1,14.75,0.046000000000000006,0.07647528667176659,0.0471085206205153
1,15.0,0.046000000000000006,0.056020687049824956,0.044456610546781704
1,15.25,0.046000000000000006,0.03064204443657253,0.05372612144850091
1,15.5,0.046000000000000006,0.005389186697096364,0.0769906398314647
1,15.75,0.046000000000000006,-0.014510168621532794,0.10974483612729756
1,16.0,0.046000000000000006,-0.025568355321202267,0.14623547441362184
2,0.0,0.1436,0.11677365873760032,0.1503224174806815
2,0.25,0.1436,0.13001931187584398,0.15044713503158563
2,0.5,0.1436,0.1556095368284212,0.16080104959062438
2,0.75,0.1436,0.18796402833732345,0.17514793976974388
2,1.0,0.1436,0.2172810596321007,0.18728798624507623
2,1.25,0.1436,0.23327693790298004,0.19265005911141259
2,1.5,0.1436,0.22998998970357915,0.18906336236952798
2,1.75,0.1436,0.2091071562220999,0.17751781146373846
2,2.0,0.1436,0.17970369553333915,0.16193896827767681
2,2.25,0.1436,0.15417278915723448,0.14743352714055835
2,2.5,0.1436,0.14239461184718066,0.1380723261365001
2,2.75,0.1436,0.1473555821197155,0.1356564612066352
2,3.0,0.1436,0.16461496026660055,0.13948671949309635
2,3.25,0.1436,0.18568923829200595,0.1464223888434024
2,3.5,0.1436,0.2031020255967267,0.15177959319489656
2,3.75,0.1436,0.2140351807500463,0.152125868536077
2,4.0,0.1436,0.22065665818130215,0.14808379145195377
2,4.25,0.1436,0.22741637740151416,0.14367639542965854
2,4.5,0.1436,0.237395059606542,0.14301337741994205
2,4.75,0.1436,0.250094384150607,0.14777432314316713
2,5.0,0.1436,0.26186469682912367,0.15633430864097322
2,5.25,0.1436,0.2683894503418281,0.16404972484123584
2,5.5,0.1436,0.26742524853467603,0.16560200678291226
2,5.75,0.1436,0.2600084373818235,0.15921471917124655
2,6.0,0.1436,0.24947025321679456,0.14863990234364566
2,6.25,0.1436,0.23908434775975423,0.1402986408126362
2,6.5,0.1436,0.23004563394646454,0.13924149315238507
2,6.75,0.1436,0.2211765129454129,0.14730728561270223
2,7.0,0.1436,0.21048102579073974,0.16198158033838392
2,7.25,0.1436,0.19731906857728082,0.17513645169252365
2,7.5,0.1436,0.18354108568217847,0.1763348896206279
2,7.75,0.1436,0.172734081736923,0.1624364705775229
2,8.0,0.1436,0.16814949521655792,0.14136972638899678
2,8.25,0.1436,0.1708040939481153,0.12345246856072777
2,8.5,0.1436,0.1789901919170141,0.11333910896860883
2,8.75,0.1436,0.18930493111887908,0.10982933714017187
2,9.0,0.1436,0.1982854064096105,0.10859806810618373
2,9.25,0.1436,0.20358659576559718,0.1053937121081693
2,9.5,0.1436,0.2042964601383131,0.09952765568527087
2,9.75,0.1436,0.20071897503599329,0.0944000021315661
2,10.0,0.1436,0.19412703129464087,0.0944852443522257
2,10.25,0.1436,0.18660170865931885,0.10302457500695118
2,10.5,0.1436,0.18067469026612964,0.12115560149567581
2,10.75,0.1436,0.17854466278479625,0.14553558773387043
2,11.0,0.1436,0.18108647481014,0.1656483284993892
2,11.25,0.1436,0.18724047008788097,0.16850574056519188
2,11.5,0.1436,0.1942715871169896,0.15100897007487643
2,11.75,0.1436,0.19888020386455213,0.12332965032393518
2,12.0,0.1436,0.19863271901342544,0.09793346906543043
2,12.25,0.1436,0.19302028655986253,0.0807716028768311
2,12.5,0.1436,0.18368935890893884,0.07204916672382171
2,12.75,0.1436,0.173791582682074,0.06995476288832173
2,13.0,0.1436,0.16673288350272558,0.07251496653987068
2,13.25,0.1436,0.16477663884328958,0.07765814605575258
2,13.5,0.1436,0.16800201725428104,0.08307459812534125
2,13.75,0.1436,0.17404711933037625,0.08679095055427785
2,14.0,0.1436,0.17883608878430174,0.08800698675487346
2,14.25,0.1436,0.17810336755141615,0.0873803559861335
2,14.5,0.1436,0.16913079171135553,0.08706717379021177
2,14.75,0.1436,0.15194130826746516,0.09086433337523704
2,15.0,0.1436,0.12940032604701207,0.10275626427268099
2,15.25,0.1436,0.10618548955924359,0.12355192327689107
2,15.5,0.1436,0.08711706836688564,0.15020889296938816
2,15.75,0.1436,0.07559625510313513,0.17837925064928134
2,16.0,0.1436,0.0727606598302685,0.20441379445005975
3,0.0,0.2412,0.3383931293043291,0.12047954100949172
3,0.25,0.2412,0.3414939320996181,0.1155745249584425
3,0.5,0.2412,0.35038489343484025,0.12462497107646317
3,0.75,0.2412,0.3635464405951082,0.14195657884771262
3,1.0,0.2412,0.3752005005248883,0.16134360185340552
3,1.25,0.2412,0.3775028802391954,0.17717087407965915
3,1.5,0.2412,0.3646599549893895,0.1851130536603855
3,1.75,0.2412,0.3368317220165201,0.1839417419218377
3,2.0,0.2412,0.30133983774705675,0.1760735442570747
3,2.25,0.2412,0.2699821967027266,0.16590032005189279
3,2.5,0.2412,0.2535599392910496,0.15743561445991858
3,2.75,0.2412,0.25659399040172237,0.15289821388575206
3,3.0,0.2412,0.27531028509595623,0.1524791716449612
3,3.25,0.2412,0.30009173036483794,0.15478136624794467
3,3.5,0.2412,0.3208892258915087,0.15768389557262452
3,3.75,0.2412,0.3323273653862485,0.1595289370993143
3,4.0,0.2412,0.3355818393347406,0.15999149394128923
3,4.25,0.2412,0.33626492057171953,0.15988280820662207
3,4.5,0.2412,0.34004658412747835,0.1601042571272763
3,4.75,0.2412,0.34893494975846273,0.16071306258510204
3,5.0,0.2412,0.3603828872222187,0.16075170417690088
3,5.25,0.2412,0.3693577253848842,0.15885842360722252
3,5.5,0.2412,0.37165305424333184,0.15424184703372662
3,5.75,0.2412,0.3662073574044721,0.14737209532452455
3,6.0,0.2412,0.35517292460307626,0.13991478648028058
3,6.25,0.2412,0.3420986712533768,0.1340173794156773
3,6.5,0.2412,0.3296980404198996,0.13146483597539682
3,6.75,0.2412,0.3186342403686452,0.13304616420774862
3,7.0,0.2412,0.30781521826974056,0.13810637840213524
3,7.25,0.2412,0.29566322385867083,0.144360824930078
3,7.5,0.2412,0.28140886623175854,0.1485732423751541
3,7.75,0.2412,0.2657528140339619,0.14840618678800693
3,8.0,0.2412,0.25079227537531323,0.1440053854874617
3,8.25,0.2412,0.23942806826322896,0.13739852780639172
3,8.5,0.2412,0.234450128075301,0.13036492569724356
3,8.75,0.2412,0.23742984760693933,0.12316428576440805
3,9.0,0.2412,0.24769438161638438,0.11516071718532438
3,9.25,0.2412,0.26191922527087563,0.10641530366974224
3,9.5,0.2412,0.27486354626033094,0.09848184805486793
3,9.75,0.2412,0.28125529563330065,0.0936673640711694
3,10.0,0.2412,0.2780630263959466,0.09388654737863338
3,10.25,0.2412,0.2659579357511669,0.1001611440254795
3,10.5,0.2412,0.24908656355764416,0.1122604640959283
3,10.75,0.2412,0.23319419545098255,0.1275914850847515
3,11.0,0.2412,0.22305657426353678,0.14013092241094702
3,11.25,0.2412,0.22051123687343024,0.1424171533735562
3,11.5,0.2412,0.2239834940970961,0.1314603051791884
3,11.75,0.2412,0.22958979344220856,0.11218272796973708
3,12.0,0.2412,0.23315290810685899,0.09296307418920408
3,12.25,0.2412,0.23211790223689902,0.07919366056228322
3,12.5,0.2412,0.22650039633252753,0.07181861287912308
3,12.75,0.2412,0.21851143897056416,0.06926280410158
3,13.0,0.2412,0.21114813385636036,0.06911722788960693
3,13.25,0.2412,0.2065273869534258,0.06922117444720899
3,13.5,0.2412,0.20483237416507558,0.06895263004715332
3,13.75,0.2412,0.204379956876259,0.06979322380818445
3,14.0,0.2412,0.20269538856563027,0.07440034278587009
3,14.25,0.2412,0.19795176459150815,0.08580985368596358
3,14.5,0.2412,0.18999176571802043,0.10717947320736039
3,14.75,0.2412,0.18044742207679798,0.13932233075616599
3,15.0,0.2412,0.17199501286727742,0.17706573583260812
3,15.25,0.2412,0.16720829680175944,0.21092234402027085
3,15.5,0.2412,0.16758997092351435,0.2345217365413277
3,15.75,0.2412,0.17316748718678204,0.248503016109408
3,16.0,0.2412,0.18270333362955243,0.2566922747208048
4,0.0,0.33880000000000005,0.4069176167110878,0.11493289203849155
4,0.25,0.33880000000000005,0.4087333988358666,0.10786170824190511
4,0.5,0.33880000000000005,0.4205616335663607,0.1143917043738506
4,0.75,0.33880000000000005,0.44185703515387204,0.1288457245120914
4,1.0,0.33880000000000005,0.46664650679998104,0.14538350061233787
4,1.25,0.33880000000000005,0.4853527027271379,0.1596367437243375
4,1.5,0.33880000000000005,0.48907665802907135,0.16898131662827015
4,1.75,0.33880000000000005,0.47431256738255817,0.17306835402898313
4,2.0,0.33880000000000005,0.44540433682240727,0.17329073478484636
4,2.25,0.33880000000000005,0.41303611832566217,0.1714166931225678
4,2.5,0.33880000000000005,0.38927201287638163,0.16864349067238277
4,2.75,0.33880000000000005,0.38177556812147234,0.16549362838464332
4,3.0,0.33880000000000005,0.390427953040053,0.16216238322318988
4,3.25,0.33880000000000005,0.40815892436504925,0.1588745431121729
4,3.5,0.33880000000000005,0.4252880699279205,0.15608532835853542
4,3.75,0.33880000000000005,0.43468648088457057,0.1544956235245529
4,4.0,0.33880000000000005,0.43485475089398934,0.1548283800501996
4,4.25,0.33880000000000005,0.42956202641408053,0.157340557557827
4,4.5,0.33880000000000005,0.4248258726137571,0.16120784160501292
4,4.75,0.33880000000000005,0.4253178235585247,0.16422386334250658
4,5.0,0.33880000000000005,0.43211322480328734,0.16350267610004307
4,5.25,0.33880000000000005,0.4425213202800627,0.1573172006141649
4,5.5,0.33880000000000005,0.4515419510889523,0.14666279527250842
4,5.75,0.33880000000000005,0.45399784002778715,0.1347523885351836
4,6.0,0.33880000000000005,0.4465379825042764,0.12490548875412695
4,6.25,0.33880000000000005,0.4289940033474933,0.11899538753204303
4,6.5,0.33880000000000005,0.4046750370197874,0.11737510598102095
4,6.75,0.33880000000000005,0.3792826702625263,0.11957652202310609
4,7.0,0.33880000000000005,0.358581086325291,0.12499346185755145
4,7.25,0.33880000000000005,0.3457513068963248,0.13318441584355653
4,7.5,0.33880000000000005,0.33990577575304487,0.1435673339021848
4,7.75,0.33880000000000005,0.33686465477991373,0.15452465863130424
4,8.0,0.33880000000000005,0.33196307760002736,0.16256794483971737
4,8.25,0.33880000000000005,0.3232142697794114,0.16291619390213807
4,8.5,0.33880000000000005,0.3127343341561422,0.15237773478062835
4,8.75,0.33880000000000005,0.3054040957065532,0.1325763670105956
4,9.0,0.33880000000000005,0.3056104525488204,0.10955041437602593
4,9.25,0.33880000000000005,0.3142149638538632,0.0895953241543468
4,9.5,0.33880000000000005,0.32769154131448724,0.07599119957838346
4,9.75,0.33880000000000005,0.33986733474386815,0.06915447466347956
4,10.0,0.33880000000000005,0.345044266674246,0.06841613873855311
4,10.25,0.33880000000000005,0.3406122583544691,0.07328622370438977
4,10.5,0.33880000000000005,0.32786407868034134,0.08360706821222069
4,10.75,0.33880000000000005,0.3109412830050711,0.09859852145715726
4,11.0,0.33880000000000005,0.29478153660836887,0.11502940339127632
4,11.25,0.33880000000000005,0.2831519019848846,0.12622736687352312
4,11.5,0.33880000000000005,0.277504168102967,0.125313710045599
4,11.75,0.33880000000000005,0.276887822890797,0.11179786912909159
4,12.0,0.33880000000000005,0.27875706286796237,0.09278158181314806
4,12.25,0.33880000000000005,0.280239373142163,0.07613520253393807
4,12.5,0.33880000000000005,0.2792930505739069,0.06512753888015657
4,12.75,0.33880000000000005,0.27525351710594254,0.05905009913551951
4,13.0,0.33880000000000005,0.26860569498741654,0.05581255579980234
4,13.25,0.33880000000000005,0.2602749094601681,0.05356353174221113
4,13.5,0.33880000000000005,0.2509958242727277,0.05144852846964561
4,13.75,0.33880000000000005,0.2411877451625674,0.050060103515448096
4,14.0,0.33880000000000005,0.23133086288164978,0.0522563811674234
4,14.25,0.33880000000000005,0.22244065441432287,0.06339656653447549
4,14.5,0.33880000000000005,0.21617554369118258,0.08713448824622755
4,14.75,0.33880000000000005,0.21440548796468067,0.12212306009269769
4,15.0,0.33880000000000005,0.21846751355524974,0.16350053320704622
4,15.25,0.33880000000000005,0.22854429955829322,0.20384580787020287
4,15.5,0.33589032258064516,0.2405976438053321,0.2355949875835123
4,15.75,0.32973968253968255,0.2522169253429971,0.25540282556127636
4,16.0,0.32378125,0.2644656116051773,0.2651218260228982
5,0.0,0.43640000000000007,0.49651572257503557,0.1253718530705419
5,0.25,0.43640000000000007,0.5036022710171613,0.11934127957997348
5,0.5,0.43640000000000007,0.520150613807016,0.12478142430569347
5,0.75,0.43640000000000007,0.5452839996701233,0.13573497435395368
5,1.0,0.43640000000000007,0.5734675278349044,0.14664466741840382
5,1.25,0.43640000000000007,0.5960223435077603,0.15434503050874682
5,1.5,0.43640000000000007,0.6047082757710023,0.1581920543266586
5,1.75,0.43640000000000007,0.5957433557982961,0.15936392479252137
5,2.0,0.43640000000000007,0.5720383037692154,0.15940619196980266
5,2.25,0.43640000000000007,0.5421677203829225,0.15904275658447073
5,2.5,0.43640000000000007,0.5163981301855107,0.15805819610907662
5,2.75,0.43640000000000007,0.5018750363317463,0.15605694668876904
5,3.0,0.43640000000000007,0.4996480792592763,0.15322932084603397
5,3.25,0.43640000000000007,0.5051313381960159,0.15040785231050952
5,3.5,0.43640000000000007,0.5115185634706576,0.14855835300442938
5,3.75,0.43640000000000007,0.5139558470606149,0.1483469422091141
5,4.0,0.43640000000000007,0.5120087153936115,0.1500440399165049
5,4.25,0.43640000000000007,0.5092112808199627,0.15348733845129944
5,4.5,0.43640000000000007,0.5103045807680007,0.1577982993736641
5,4.75,0.43640000000000007,0.5179610840022602,0.16104703269452403
5,5.0,0.43640000000000007,0.5307709613742906,0.16066362628491157
5,5.25,0.43640000000000007,0.5433491316256858,0.1551239243042006
5,5.5,0.43640000000000007,0.5483687252537497,0.1456801572039174
5,5.75,0.43640000000000007,0.5396511930856207,0.1359496165386121
5,6.0,0.43640000000000007,0.5151545505742752,0.12955689029544404
5,6.25,0.43640000000000007,0.4786248591884121,0.1282271143349277
5,6.5,0.43640000000000007,0.4388896273383686,0.13139621232472495
5,6.75,0.43640000000000007,0.40657018898359104,0.1368781494121631
5,7.0,0.43640000000000007,0.3893583262219888,0.14234429399468287
5,7.25,0.43640000000000007,0.38822027702942935,0.14697625083009577
5,7.5,0.43640000000000007,0.39688762257572313,0.15168501111105323
5,7.75,0.43640000000000007,0.40531720942377464,0.15741855661102122
5,8.0,0.43640000000000007,0.40530690249150964,0.16308014621269112
5,8.25,0.43640000000000007,0.39489368484493265,0.16493037516291137
5,8.5,0.43640000000000007,0.37883258407140746,0.1587273877565909
5,8.75,0.43640000000000007,0.36503227803389143,0.14361391843753185
5,9.0,0.43640000000000007,0.3594741269682597,0.12355861259411817
5,9.25,0.43640000000000007,0.3629403863324036,0.10430451903156032
5,9.5,0.43640000000000007,0.37133833836821956,0.08967119087389071
5,9.75,0.43640000000000007,0.37882387473842377,0.08077893416457887
5,10.0,0.43640000000000007,0.381257171266377,0.07733377493655534
5,10.25,0.43640000000000007,0.3778123141583671,0.07895914878475074
5,10.5,0.43640000000000007,0.37026109677544977,0.0857412528747026
5,10.75,0.43640000000000007,0.3610745265971094,0.09771714457049445
5,11.0,0.43640000000000007,0.35191334153826376,0.11306410104491944
5,11.25,0.43640000000000007,0.3433240975452529,0.1258772843207932
5,11.5,0.43640000000000007,0.3353829474138587,0.1275204436808714
5,11.75,0.43640000000000007,0.32847064741506155,0.11429844528689373
5,12.0,0.43640000000000007,0.3235193165154066,0.09265744383870751
5,12.25,0.43640000000000007,0.32158739642248263,0.07272431956065149
5,12.5,0.42888800000000005,0.31554793455943286,0.05981721715611961
5,12.75,0.4194666666666667,0.31002247202764904,0.05404834386816327
5,13.0,0.4104076923076923,0.3047926108043532,0.05402068771980244
5,13.25,0.4016905660377359,0.29648214453497546,0.05889966025708526
5,13.5,0.3932962962962963,0.2821648862130508,0.0681038621768318
5,13.75,0.38520727272727273,0.26083654189653727,0.08084721562643626
5,14.0,0.3774071428571429,0.2343134366065796,0.09692481092536341
5,14.25,0.369880701754386,0.20699742742971478,0.11730253576438981
5,14.5,0.3626137931034483,0.18448501159951303,0.14278281199730797
5,14.75,0.35559322033898305,0.1716064599406552,0.171958931508311
5,15.0,0.3488066666666667,0.1707782906011508,0.20116271931199578
5,15.25,0.3422426229508197,0.1813607243723786,0.2264116536250078
5,15.5,0.33589032258064516,0.20017477957968882,0.24527975768537286
5,15.75,0.32973968253968255,0.22279237295061055,0.2574428910467889
5,16.0,0.32378125,0.24495729615742176,0.26410238613971665
6,0.0,0.534,0.5448436410178775,0.13528687496135375
6,0.25,0.534,0.5702009836027171,0.12313164670684641
6,0.5,0.534,0.6036977523438217,0.11836728457943053
6,0.75,0.534,0.6409203589882769,0.11749844438856913
6,1.0,0.534,0.6749091420308377,0.11812310939470748
6,1.25,0.534,0.6979771871527893,0.11997372579243237
6,1.5,0.534,0.704392116879516,0.123737908248611
6,1.75,0.534,0.6928447551373333,0.1297663145408449
6,2.0,0.534,0.6674307598123217,0.13737858656817434
6,2.25,0.534,0.6363786188413523,0.14466744444792687
6,2.5,0.534,0.6088482047802779,0.14916316476040936
6,2.75,0.534,0.5912403446790895,0.14948769176466886
6,3.0,0.534,0.5848853998362691,0.14660051393766813
6,3.25,0.534,0.5863289735363486,0.1431582799742798
6,3.5,0.534,0.5899922293158555,0.14167826214673576
6,3.75,0.534,0.5916163490638213,0.1432173513323295
6,4.0,0.534,0.5904891445255782,0.14710465934884212
6,4.25,0.534,0.5892668087071358,0.15135080569221065
6,4.5,0.534,0.591692687104727,0.1534595005178542
6,4.75,0.534,0.5997090030660905,0.1514863809231413
6,5.0,0.534,0.6116706907536218,0.1450288817318902
6,5.25,0.534,0.6226222056316788,0.135649794002873
6,5.5,0.534,0.6264593754682297,0.12630138253986897
6,5.75,0.534,0.6188911629660641,0.11997968520744581
6,6.0,0.534,0.5997580476809692,0.11851421862344416
6,6.25,0.534,0.5734929685613326,0.12199117413350007
6,6.5,0.534,0.5472715832446202,0.12861127227568728
6,6.75,0.534,0.5275360526168946,0.13523079121044532
6,7.0,0.534,0.5166454265140585,0.13917111117540393
6,7.25,0.534,0.51168364282254,0.14013008505400887
6,7.5,0.534,0.5064324685811472,0.13990323220218465
6,7.75,0.534,0.4955364930421997,0.1401658561348716
6,8.0,0.534,0.47822859376737026,0.1407288445689223
6,8.25,0.534,0.45901556164074275,0.13965008039957966
6,8.5,0.534,0.44470314449521764,0.13495415330030283
6,8.75,0.534,0.43976087780156936,0.1264749554016017
6,9.0,0.534,0.44330070693569845,0.11600089726508268
6,9.25,0.534,0.4498049717388948,0.10578603557999824
6,9.5,0.534,0.45300058528413145,0.0972649005040269
6,9.75,0.534,0.45002879484305924,0.09098462691173918
6,10.0,0.534,0.44299057010174114,0.08726959236602069
6,10.25,0.534,0.4370016563658108,0.08679340262318228
6,10.5,0.5204095238095239,0.42281191955460895,0.09059352378121754
6,10.75,0.507106976744186,0.41497809383614914,0.09937732223812912
6,11.0,0.4944090909090909,0.41067181771024464,0.11196269664177456
6,11.25,0.48227555555555557,0.40523342459779577,0.12342214990888169
6,11.5,0.47066956521739134,0.39558381607339554,0.12609049301440156
6,11.75,0.45955744680851063,0.3819806242771695,0.11593848175683202
6,12.0,0.44890833333333335,0.36754101226069,0.0974948726041882
6,12.25,0.4386938775510204,0.35600545082463875,0.07931741860001067
6,12.5,0.42888800000000005,0.34912577043124193,0.06680658551898838
6,12.75,0.4194666666666667,0.3451229085615836,0.06106283364476694
6,13.0,0.4104076923076923,0.33903060239179983,0.06167121356998451
6,13.25,0.4016905660377359,0.32480592933860264,0.06884674236165442
6,13.5,0.3932962962962963,0.29824989898561455,0.0836149738721286
6,13.75,0.38520727272727273,0.2593767636411498,0.10684557859258964
6,14.0,0.3774071428571429,0.21308970848632164,0.13768754783018286
6,14.25,0.369880701754386,0.16779532454094498,0.17187637879205303
6,14.5,0.3626137931034483,0.13255693736985563,0.2025982302499307
6,14.75,0.35559322033898305,0.1140473306142969,0.2249857967112209
6,15.0,0.3488066666666667,0.11457279756457384,0.23934004911097514
6,15.25,0.3422426229508197,0.13183740229270086,0.24896284502707033
6,15.5,0.33589032258064516,0.16027540008198615,0.25621638523827206
6,15.75,0.32973968253968255,0.1931607682162185,0.26159577677284346
6,16.0,0.32378125,0.2245670587639068,0.26502969931729464
7,0.0,0.6316,0.593271877318669,0.15731931777695635
7,0.25,0.6316,0.6245181681171901,0.14318799830270007
7,0.5,0.6316,0.6615383235932554,0.13323644204659973
7,0.75,0.6316,0.6989784124532871,0.12619298028355047
7,1.0,0.6316,0.7310984776045073,0.12168368315459639
7,1.25,0.6316,0.7531073186363733,0.12047609758035319
7,1.5,0.6316,0.7623025965879858,0.12348321436762984
7,1.75,0.6316,0.7587656363990342,0.13082939335536578
7,2.0,0.6316,0.7454216816118225,0.14138038959803909
7,2.25,0.6316,0.727329353534181,0.15246900246594963
7,2.5,0.6316,0.7102266256662738,0.16040668909263434
7,2.75,0.6316,0.6986972284457739,0.16249502988581505
7,3.0,0.6316,0.6946752941129225,0.15915743067742288
7,3.25,0.6316,0.6970532627078762,0.1537197376123983
7,3.5,0.6316,0.702691478488385,0.14995283475375595
7,3.75,0.6316,0.7083298086120772,0.14979717676947688
7,4.0,0.6316,0.7123002970046778,0.1525022520245498
7,4.25,0.6316,0.7150169273206058,0.1549608623143321
7,4.5,0.6316,0.7179893398165801,0.15332641830403487
7,4.75,0.6316,0.72206487620035,0.14570078140250317
7,5.0,0.6316,0.7260968533176616,0.13382523184685485
7,5.25,0.6316,0.7269566843456255,0.12188034134795468
7,5.5,0.6316,0.7209700605911288,0.11377846031599229
7,5.75,0.6316,0.7059920290573071,0.11156710885516967
7,6.0,0.6316,0.6829192802846773,0.1152563302265514
7,6.25,0.6316,0.6556721343497478,0.12289278447708468
7,6.5,0.6316,0.6294671267068502,0.13086808727024965
7,6.75,0.6316,0.6081981048688844,0.13567977610528795
7,7.0,0.6316,0.5924236717604906,0.1364841726607414
7,7.25,0.6316,0.5793131937667304,0.13534961731711875
7,7.5,0.6316,0.564809073624482,0.13465785998594076
7,7.75,0.6316,0.5467682439330019,0.13461720225470242
7,8.0,0.6316,0.5269844507092581,0.13303727629629802
7,8.25,0.6316,0.5105561955741794,0.12745080905502798
7,8.5,0.6316,0.5028514398127798,0.11778066876868869
7,8.75,0.6316,0.5060923904345703,0.10661070897255172
7,9.0,0.6157444444444444,0.5020967009825278,0.09688647674095727
7,9.25,0.5977081081081081,0.49924432375730066,0.09002224639827121
7,9.5,0.5806210526315789,0.49576507192477326,0.08592727853768199
7,9.75,0.5644102564102564,0.4897655699095147,0.0840624898299963
7,10.0,0.54901,0.48260936918253305,0.08445635810909846
7,10.25,0.5343609756097562,0.4766976539644713,0.08810228123802781
7,10.5,0.5204095238095239,0.47274377294974745,0.09649577865145963
7,10.75,0.507106976744186,0.46866315305987194,0.11021601287830664
7,11.0,0.4944090909090909,0.46086520963914734,0.12647291444883124
7,11.25,0.48227555555555557,0.44693419331463824,0.1375630204785192
7,11.5,0.47066956521739134,0.4277431610537037,0.13526175635787038
7,11.75,0.45955744680851063,0.40751288378630524,0.11959080554134449
7,12.0,0.44890833333333335,0.39172785611542243,0.09919975555953728
7,12.25,0.4386938775510204,0.384149374937364,0.08231139846740679
7,12.5,0.42888800000000005,0.38463255915429945,0.07158377377408326
7,12.75,0.4194666666666667,0.38891689052522393,0.06582535711328316
7,13.0,0.4104076923076923,0.3904543139023592,0.06289804614298262
7,13.25,0.4016905660377359,0.3833153468816371,0.061236243777897034
7,13.5,0.3932962962962963,0.36476680888120827,0.06020874588627861
7,13.75,0.38520727272727273,0.3363848800067682,0.06021514821229295
7,14.0,0.3774071428571429,0.30333852571110975,0.06369547141072479
7,14.25,0.369880701754386,0.2723279021364708,0.07551321276540321
7,14.5,0.3626137931034483,0.2491818857447754,0.09865084710469071
7,14.75,0.35559322033898305,0.2371109578774322,0.13055371431176727
7,15.0,0.3488066666666667,0.2361639480153236,0.16560040955161742
7,15.25,0.3422426229508197,0.2438382421890377,0.1982538183715618
7,15.5,0.33589032258064516,0.256350227327484,0.2247188201986738
7,15.75,0.32973968253968255,0.2699492785661861,0.24356438569905298
7,16.0,0.32378125,0.2818232762711762,0.2554061207819212
8,0.0,0.7292000000000001,0.640134301546782,0.17161430615520004
8,0.25,0.7292000000000001,0.6797388374732669,0.15985736147306118
8,0.5,0.7292000000000001,0.728303524692232,0.15036450629496512
8,0.75,0.7292000000000001,0.7782460364777422,0.14196023099910215
8,1.0,0.7292000000000001,0.8215210322167448,0.1348069983345258
8,1.25,0.7292000000000001,0.8516655615770397,0.13014213307408784
8,1.5,0.7292000000000001,0.8653726963655575,0.12917583552383963
8,1.75,0.7292000000000001,0.8631957059164805,0.13230734533097896
8,2.0,0.7292000000000001,0.8492645962571607,0.13890777986809644
8,2.25,0.7292000000000001,0.830089782768723,0.14722815655841037
8,2.5,0.7292000000000001,0.8126729326334363,0.15457975749141378
8,2.75,0.7292000000000001,0.8023573351481619,0.1584323249484382
8,3.0,0.7292000000000001,0.8011109134461141,0.1580555406146058
8,3.25,0.7292000000000001,0.8070121020894113,0.15509030825433626
8,3.5,0.7292000000000001,0.8153464227346223,0.15226071727926002
8,3.75,0.7292000000000001,0.8209512933974996,0.1513983923126602
8,4.0,0.7292000000000001,0.8206943676628072,0.15221666355909655
8,4.25,0.7292000000000001,0.8147870644760463,0.15234640181169956
8,4.5,0.7292000000000001,0.8062420291354231,0.14885003527168375
8,4.75,0.7292000000000001,0.7988436745709835,0.14075650065291034
8,5.0,0.7292000000000001,0.7948376217122204,0.1304563027632965
8,5.25,0.7292000000000001,0.7936359980505854,0.12230530236911558
8,5.5,0.7292000000000001,0.7921717955368182,0.12009223870372669
8,5.75,0.7292000000000001,0.7865750402479359,0.12562451121251764
8,6.0,0.7292000000000001,0.7741605952108852,0.13792180440482207
8,6.25,0.7292000000000001,0.7546513206238534,0.15209082375985913
8,6.5,0.7292000000000001,0.7300816909082379,0.16036785163307854
8,6.75,0.7292000000000001,0.7036137016169315,0.15794157945749243
8,7.0,0.7292000000000001,0.6781060998333361,0.1477345973518816
8,7.25,0.7292000000000001,0.6553490703388705,0.13689652648812314
8,7.5,0.7292000000000001,0.6363385956450314,0.1302096387696983
8,7.75,0.7233806451612903,0.6163290520304158,0.12774651939128484
8,8.0,0.6991625,0.5844168157224553,0.1262182648454433
8,8.25,0.6764121212121212,0.5622310668699847,0.12195285407366474
8,8.5,0.655,0.550140922988162,0.11401860210004226
8,8.75,0.6348114285714286,0.5461376007870667,0.10462919375022153
8,9.0,0.6157444444444444,0.5460396043070808,0.09657788694970716
8,9.25,0.5977081081081081,0.5452403828293239,0.09112527720309402
8,9.5,0.5806210526315789,0.5409807826977389,0.08806872948610232
8,9.75,0.5644102564102564,0.5335766994610102,0.08699836206517364
8,10.0,0.54901,0.5256647177050139,0.08842373077155505
8,10.25,0.5343609756097562,0.5199240468540104,0.09395824105328476
8,10.5,0.5204095238095239,0.5168478742363302,0.10535692713419563
8,10.75,0.507106976744186,0.5141285091225513,0.12224716263665945
8,11.0,0.4944090909090909,0.5080950713913973,0.1387469269714608
8,11.25,0.48227555555555557,0.496220674010891,0.14364182292894961
8,11.5,0.47066956521739134,0.47899224580858596,0.1304630304564957
8,11.75,0.45955744680851063,0.45986945666035767,0.10659004486284887
8,12.0,0.44890833333333335,0.44331021711086,0.0849627669606642
8,12.25,0.4386938775510204,0.43206828312907575,0.0720760811991881
8,12.5,0.42888800000000005,0.42541030464807733,0.06775880663781021
8,12.75,0.4194666666666667,0.4193281249678607,0.06934298963812686
8,13.0,0.4104076923076923,0.40863357528511557,0.07291243272503146
8,13.25,0.4016905660377359,0.3897519865488284,0.07414068456888132
8,13.5,0.3932962962962963,0.3626924980160416,0.07198752463264065
8,13.75,0.38520727272727273,0.3312094414858746,0.07184434130394397
8,14.0,0.3774071428571429,0.3011990862802002,0.08174379791053904
8,14.25,0.369880701754386,0.27826987508605694,0.1033081942086379
8,14.5,0.3626137931034483,0.2657057196529021,0.13173718073880433
8,14.75,0.35559322033898305,0.26365327034370917,0.16185319254753747
8,15.0,0.3488066666666667,0.2696355952136159,0.1901551229370679
8,15.25,0.3422426229508197,0.2798790214355688,0.21458822879124256
8,15.5,0.33589032258064516,0.2907232792098997,0.23403727757664453
8,15.75,0.32973968253968255,0.29956529570559354,0.24812948553891567
8,16.0,0.32378125,0.3051548201301514,0.2572884210440316
9,0.0,0.8268000000000001,0.8267408432810618,0.17500722909375444
9,0.25,0.8268000000000001,0.8443582097723908,0.16643338381869627
9,0.5,0.8268000000000001,0.8657958202121742,0.16009517541754378
9,0.75,0.8268000000000001,0.8887243457489292,0.15344212582010153
9,1.0,0.8268000000000001,0.9101283579954672,0.1458791319917358
9,1.25,0.8268000000000001,0.9267843892243052,0.13876251682413807
9,1.5,0.8268000000000001,0.9358998987971868,0.13396555760128215
9,1.75,0.8268000000000001,0.9358693944886535,0.13264549059144987
9,2.0,0.8268000000000001,0.9269805374712917,0.13487162622317636
9,2.25,0.8268000000000001,0.911738280415827,0.13973055519609362
9,2.5,0.8268000000000001,0.8944418905429613,0.14557506707124024
9,2.75,0.8268000000000001,0.879903183782816,0.15059754656762625
9,3.0,0.8268000000000001,0.8716864891104863,0.15370124420930528
9,3.25,0.8268000000000001,0.870679758977086,0.15503833099431913
9,3.5,0.8268000000000001,0.8748043657190763,0.15566461733507925
9,3.75,0.8268000000000001,0.8801193499872757,0.15655087354069605
9,4.0,0.8268000000000001,0.8827693193498768,0.15769009060613437
9,4.25,0.8268000000000001,0.8807041497478741,0.15789728427753003
9,4.5,0.8268000000000001,0.8742457692972889,0.15557995294660718
9,4.75,0.8268000000000001,0.8653093772925473,0.15021382669255945
9,5.0,0.8268000000000001,0.8559065194210236,0.14337892575406413
9,5.25,0.8268000000000001,0.8469255127279807,0.13822922092299963
9,5.5,0.8268000000000001,0.8378997923814223,0.1378020159631811
9,5.75,0.8268000000000001,0.82777762891135,0.14337182295043027
9,6.0,0.8268000000000001,0.816069126355929,0.1530904958765081
9,6.25,0.8268000000000001,0.8035498615446236,0.16135942109425558
9,6.5,0.8268000000000001,0.7920303904046042,0.16146178479696505
9,6.75,0.8268000000000001,0.7833371961085379,0.15158076475227947
9,7.0,0.8064142857142858,0.7578172824418558,0.1370063966458656
9,7.25,0.7768275862068966,0.72590154592619,0.12489644925282582
9,7.5,0.7492133333333334,0.6972032160955821,0.11889225558141121
9,7.75,0.7233806451612903,0.6705059229197657,0.11828457268940139
9,8.0,0.6991625,0.6461777586625364,0.11948800883023422
9,8.25,0.6764121212121212,0.6260109957771223,0.11845213189380005
9,8.5,0.655,0.6118230490950901,0.11358787269708372
9,8.75,0.6348114285714286,0.603741434941721,0.10654063167407395
9,9.0,0.6157444444444444,0.5994819477206442,0.09988356502627137
9,9.25,0.5977081081081081,0.595327700168362,0.09487197960642334
9,9.5,0.5806210526315789,0.5882847183164933,0.0913968088932762
9,9.75,0.5644102564102564,0.577936373611051,0.08935591833139525
9,10.0,0.54901,0.5666161128273699,0.08981526895984875
9,10.25,0.5343609756097562,0.5576652549110878,0.09492649647513217
9,10.5,0.5204095238095239,0.5529222616966644,0.1066384418111703
9,10.75,0.507106976744186,0.5511776805882211,0.12406767397268288
9,11.0,0.4944090909090909,0.5486806497741522,0.1397827492806302
9,11.25,0.48227555555555557,0.541369219311194,0.14130840235585646
9,11.5,0.47066956521739134,0.5273341733780513,0.12401733923716886
9,11.75,0.45955744680851063,0.5079138323725652,0.09859439447905885
9,12.0,0.44890833333333335,0.48677798668529415,0.0783458451655446
9,12.25,0.4386938775510204,0.46767873728338777,0.0680632065017337
9,12.5,0.42888800000000005,0.45232990393807404,0.06660650274140408
9,12.75,0.4194666666666667,0.43967166841068683,0.07127982333061281
9,13.0,0.4104076923076923,0.42682064977512507,0.07787302506498998
9,13.25,0.4016905660377359,0.41098195163038426,0.08119768748015396
9,13.5,0.3932962962962963,0.3911389586041529,0.07993015213038517
9,13.75,0.38520727272727273,0.36862690072973386,0.08047035560039995
9,14.0,0.3774071428571429,0.34644205708473225,0.09215169488370271
9,14.25,0.369880701754386,0.32783015719263947,0.1165101342491512
9,14.5,0.3626137931034483,0.3149599740487171,0.14752907694267384
9,14.75,0.35559322033898305,0.308273674900639,0.17892048716685144
9,15.0,0.3488066666666667,0.306644702694997,0.20665812373523829
9,15.25,0.3422426229508197,0.30807204377268826,0.22878775797852963
9,15.5,0.33589032258064516,0.31048360168928574,0.24483068436072167
9,15.75,0.32973968253968255,0.31231123160943564,0.2553373203151805
9,16.0,0.32378125,0.3127093395975661,0.2615161186637323
10,0.0,0.9244000000000001,0.9198544741409311,0.22005178917992657
10,0.25,0.9244000000000001,0.925683145355573,0.21078939018874382
10,0.5,0.9244000000000001,0.9339735195408989,0.1995621873372825
10,0.75,0.9244000000000001,0.9432044348001498,0.18425439493254095
10,1.0,0.9244000000000001,0.9513026591355354,0.16551727928239332
10,1.25,0.9244000000000001,0.9563773204472426,0.1466039185489402
10,1.5,0.9244000000000001,0.9574441741359887,0.13094367262902296
10,1.75,0.9244000000000001,0.9547876928405994,0.12045505364103715
10,2.0,0.9244000000000001,0.9497948644266005,0.11539676044813323
10,2.25,0.9244000000000001,0.9443724109752389,0.11482130745360193
10,2.5,0.9244000000000001,0.9402480074208488,0.1171178561124696
10,2.75,0.9244000000000001,0.938450288520857,0.12053559537280253
10,3.0,0.9244000000000001,0.9391047765196967,0.12365622467547256
10,3.25,0.9244000000000001,0.9415105187147748,0.12577093491343214
10,3.5,0.9244000000000001,0.9443833485882493,0.12696106206629953
10,3.75,0.9244000000000001,0.9461698981405562,0.12776702822265865
10,4.0,0.9244000000000001,0.9453815650516834,0.12864958020848222
10,4.25,0.9244000000000001,0.9409119026205705,0.12959151843446487
10,4.5,0.9244000000000001,0.9322877997123507,0.13007968741962253
10,4.75,0.9244000000000001,0.9198031765555865,0.12950954775803245
10,5.0,0.9244000000000001,0.9045133361212206,0.12776996867527995
10,5.25,0.9244000000000001,0.8881085744532731,0.12549334399687667
10,5.5,0.9244000000000001,0.8727038573263383,0.12362238628946456
10,5.75,0.9244000000000001,0.8605664499783678,0.12256549254466502
10,6.0,0.9244000000000001,0.8537768908974337,0.12164491164040966
10,6.25,0.9093760000000001,0.8387936300231387,0.1194957498339078
10,6.5,0.8724153846153846,0.8091494436300563,0.11547624609019325
10,6.75,0.8381925925925926,0.7885975500711685,0.11087520224193574
10,7.0,0.8064142857142858,0.7745481996552213,0.10840753614216375
10,7.25,0.7768275862068966,0.763565111082194,0.11041227350733329
10,7.5,0.7492133333333334,0.7523147662936113,0.11716278733940783
10,7.75,0.7233806451612903,0.7386441792774512,0.12569332870354105
10,8.0,0.6991625,0.7222313298923988,0.1303007721240003
10,8.25,0.6764121212121212,0.7043641599441575,0.12670015928530873
10,8.5,0.655,0.6868880396337531,0.11644773205366538
10,8.75,0.6348114285714286,0.6709512183862113,0.10517471006309236
10,9.0,0.6157444444444444,0.6564167263904644,0.09728091772777084
10,9.25,0.5977081081081081,0.6424050349836514,0.09377678999524564
10,9.5,0.5806210526315789,0.6285730877171505,0.09342701091208547
10,9.75,0.5644102564102564,0.616053212681486,0.09480118709340914
10,10.0,0.54901,0.6070859225602733,0.09804053893573264
10,10.25,0.5343609756097562,0.6033348160113089,0.10511541367416413
10,10.5,0.5204095238095239,0.6040049486532046,0.11798791864799807
10,10.75,0.507106976744186,0.6052779608499519,0.13502717498363204
10,11.0,0.4944090909090909,0.6018044308508561,0.14743312431951797
10,11.25,0.48227555555555557,0.5895416786002583,0.14316000950021207
10,11.5,0.47066956521739134,0.5681653581970796,0.12101652142270061
10,11.75,0.45955744680851063,0.5414422975102348,0.09399546182514466
10,12.0,0.44890833333333335,0.5152513370494409,0.07415583654832057
10,12.25,0.4386938775510204,0.49445327113355686,0.06426061465884257
10,12.5,0.42888800000000005,0.48048773220722996,0.06202153919042484
10,12.75,0.4194666666666667,0.47101220831458485,0.06409074641527458
10,13.0,0.4104076923076923,0.46157629404339584,0.0664756255626853
10,13.25,0.4016905660377359,0.4481698501105637,0.06606192089434697
10,13.5,0.3932962962962963,0.4291800781525817,0.06437175061901931
10,13.75,0.38520727272727273,0.40587009736524254,0.06885904629223139
10,14.0,0.3774071428571429,0.3814370303850472,0.08627593484151536
10,14.25,0.369880701754386,0.35940512286199977,0.11477340838016852
10,14.5,0.3626137931034483,0.34224079778683175,0.148093078800879
10,14.75,0.35559322033898305,0.33072898590492994,0.18081094673610687
10,15.0,0.3488066666666667,0.3241466042455483,0.20934542519320976
10,15.25,0.3422426229508197,0.3209121103659746,0.23175692358685215
10,15.5,0.33589032258064516,0.3193025572813218,0.24752915351511104
10,15.75,0.32973968253968255,0.3179537377298773,0.25738737666306727
10,16.0,0.32378125,0.3160553171041915,0.26284251017813864
11,0.0,1.022,0.8119721300857179,0.25363740520359934
11,0.25,1.022,0.8102084338571902,0.2497545064282918
11,0.5,1.022,0.8242847028167597,0.24241548852812944
11,0.75,1.022,0.8504974119118824,0.22852010542704032
11,1.0,1.022,0.8819569478891409,0.20819397398836553
11,1.25,1.022,0.91091969278533,0.18515256698913546
11,1.5,1.022,0.9315166152265284,0.1638048134863054
11,1.75,1.022,0.9416630595868358,0.14677470997061956
11,2.0,1.022,0.9433481808213402,0.13455094727195835
11,2.25,1.022,0.9413295116610081,0.12621015082717316
11,2.5,1.022,0.940980615347127,0.12023330288179064
11,2.75,1.022,0.9462557651678469,0.11519646300063484
11,3.0,1.022,0.9584393861477831,0.11025204080288582
11,3.25,1.022,0.9758719194641965,0.10531547903811891
11,3.5,1.022,0.9945316113511293,0.1009192955539252
11,3.75,1.022,1.0092751121155772,0.09780760022028168
11,4.0,1.022,1.0155116284923849,0.09649150974640562
11,4.25,1.022,1.010927347603816,0.09698038774292192
11,4.5,1.022,0.9966546966884935,0.0987624035675365
11,4.75,1.022,0.9772663487690054,0.10101190368400165
11,5.0,1.022,0.9593671091516491,0.10291904281856715
11,5.25,1.022,0.9492400677015758,0.10391173792016566
11,5.5,1.022,0.950567238844598,0.10360092761860429
11,5.75,0.9929391304347827,0.9342224610976237,0.10163378251278286
11,6.0,0.9494166666666667,0.9114693714612645,0.09786986450600994
11,6.25,0.9093760000000001,0.8953867192639564,0.09294511730541224
11,6.5,0.8724153846153846,0.8812127228923273,0.08862857715351727
11,6.75,0.8381925925925926,0.8660792625182033,0.08745387528260623
11,7.0,0.8064142857142858,0.8491606297905293,0.09204033375896549
11,7.25,0.7768275862068966,0.8308980790030764,0.10449033082177993
11,7.5,0.7492133333333334,0.8119857065381566,0.12482089487987917
11,7.75,0.7233806451612903,0.7927517578588944,0.14776505080340255
11,8.0,0.6991625,0.7731437486300089,0.16232363474181769
11,8.25,0.6764121212121212,0.7530766650323462,0.16028767811755631
11,8.5,0.655,0.7327462913114864,0.1453529816610005
11,8.75,0.6348114285714286,0.7126951658415059,0.12835053152889164
11,9.0,0.6157444444444444,0.69371377363616,0.11680604763586348
11,9.25,0.5977081081081081,0.676763020689841,0.11216462080686897
11,9.5,0.5806210526315789,0.6629284305445111,0.11235883664428632
11,9.75,0.5644102564102564,0.6531850446465062,0.114626797099737
11,10.0,0.54901,0.6477911260482307,0.11758794519939009
11,10.25,0.5343609756097562,0.6455186138330617,0.12165934914230832
11,10.5,0.5204095238095239,0.643349033737386,0.12711410363329267
11,10.75,0.507106976744186,0.6372384312256114,0.13141241910807747
11,11.0,0.4944090909090909,0.6239159454414571,0.12904499000947856
11,11.25,0.48227555555555557,0.6028211320271879,0.11638137762681404
11,11.5,0.47066956521739134,0.5769063083185046,0.09694212698030788
11,11.75,0.45955744680851063,0.5515527577282386,0.07849781644364248
11,12.0,0.44890833333333335,0.5320051216841957,0.06602366187992924
11,12.25,0.4386938775510204,0.5207183196735459,0.05997046668172505
11,12.5,0.42888800000000005,0.5161217994681312,0.05843779744263816
11,12.75,0.4194666666666667,0.5134584806013935,0.05905667590855477
11,13.0,0.4104076923076923,0.5071446792846032,0.06087863878930978
11,13.25,0.4016905660377359,0.49331571204765,0.06643922956993925
11,13.5,0.3932962962962963,0.4712929935946174,0.08028251477427908
11,13.75,0.38520727272727273,0.443457991854718,0.10330337212388072
11,14.0,0.3774071428571429,0.41389439730723016,0.13193365203895377
11,14.25,0.369880701754386,0.38665627095442645,0.16179422754682493
11,14.5,0.3626137931034483,0.36447025986273357,0.18965430072134057
11,14.75,0.35559322033898305,0.3482622092354646,0.21363792502762557
11,15.0,0.3488066666666667,0.3374316960638755,0.23283436194963505
11,15.25,0.3422426229508197,0.33052161079984504,0.246974942578583
11,15.5,0.33589032258064516,0.3259040625978003,0.2564017813856169
11,15.75,0.32973968253968255,0.32224489386114186,0.2620245981133716
11,16.0,0.32378125,0.31868809571922174,0.2650191782024287
12,0.0,1.1196,0.9335267854846203,0.2645979621631834
12,0.25,1.1196,0.9155896446810512,0.26161370359027597
12,0.5,1.1196,0.9078144406985436,0.2572896579792706
12,0.75,1.1196,0.9108297320762933,0.2507438917722929
12,1.0,1.1196,0.9233523768477545,0.24098242498872166
12,1.25,1.1196,0.9424439326706608,0.22758751917086809
12,1.5,1.1196,0.964065640230986,0.2110755693350017
12,1.75,1.1196,0.9838501895797067,0.1927457012965838
12,2.0,1.1196,0.9980794082240199,0.1743026466253718
12,2.25,1.1196,1.0047732216646004,0.15741143416553705
12,2.5,1.1196,1.0045238995168366,0.1432130774128386
12,2.75,1.1196,1.0004910267548281,0.13200399191947923
12,3.0,1.1196,0.997158643129904,0.12334771481311084
12,3.25,1.1196,0.998144874321651,0.11657281248074353
12,3.5,1.1196,1.004160100060368,0.11124354687340274
12,3.75,1.1196,1.0124611283238831,0.10723648381843608
12,4.0,1.1196,1.0184419928138453,0.10446196072964783
12,4.25,1.1196,1.0186477563300576,0.10258994728531935
12,4.5,1.1196,1.0134135641990638,0.10109638011349885
12,4.75,1.1196,1.0073763157030564,0.09962004446561522
12,5.0,1.1196,1.0073729077846791,0.09826139332675618
12,5.25,1.0924190476190476,0.9917255696989129,0.09742515291706641
12,5.5,1.0404181818181817,0.96409542693233,0.09725624530880389
12,5.75,0.9929391304347827,0.9503484928662909,0.09716713525418663
12,6.0,0.9494166666666667,0.9435410225232774,0.09600192048736178
12,6.25,0.9093760000000001,0.936930760933526,0.09299823316782392
12,6.5,0.8724153846153846,0.9263315809141793,0.08881838285857528
12,6.75,0.8381925925925926,0.91073252811624,0.08548930902997054
12,7.0,0.8064142857142858,0.8913123879597306,0.08531931436572376
12,7.25,0.7768275862068966,0.869867718648307,0.08995460049728873
12,7.5,0.7492133333333334,0.8477133021604637,0.09986667266115838
12,7.75,0.7233806451612903,0.8254749633571904,0.11372543029066531
12,8.0,0.6991625,0.8034726238264144,0.12812123549990584
12,8.25,0.6764121212121212,0.7821097564316082,0.1390364612548339
12,8.5,0.655,0.7619300126318146,0.14446980871244872
12,8.75,0.6348114285714286,0.743439999181736,0.14529824271931044
12,9.0,0.6157444444444444,0.7270082399157094,0.14371571072261768
12,9.25,0.5977081081081081,0.7129792746121663,0.14168035690879666
12,9.5,0.5806210526315789,0.7018030634538049,0.1407484783333767
12,9.75,0.5644102564102564,0.6938465560942346,0.14234850945633476
12,10.0,0.54901,0.6888133498148522,0.14721076393399082
12,10.25,0.5343609756097562,0.6851581316963878,0.15376281066329303
12,10.5,0.5204095238095239,0.680114040921984,0.15680964041887013
12,10.75,0.507106976744186,0.6706556757374144,0.1496062094622201
12,11.0,0.4944090909090909,0.6550343916937128,0.1303377307736617
12,11.25,0.48227555555555557,0.6339608780858738,0.10546294534477166
12,11.5,0.47066956521739134,0.6105645267863288,0.0837582302525863
12,11.75,0.45955744680851063,0.5889732553451876,0.06945221426146167
12,12.0,0.44890833333333335,0.5722524162902617,0.0621593519893718
12,12.25,0.4386938775510204,0.56087651039339,0.05983264501850099
12,12.5,0.42888800000000005,0.5525779100213618,0.060183773004406554
12,12.75,0.4194666666666667,0.5435744796715383,0.06137329384403761
12,13.0,0.4104076923076923,0.5304093329607386,0.06398501904161137
12,13.25,0.4016905660377359,0.5114108939670077,0.07255145190345771
12,13.5,0.3932962962962963,0.4871473475524406,0.09166299488601984
12,13.75,0.38520727272727273,0.4598765000455302,0.12019199561790944
12,14.0,0.3774071428571429,0.4324676528279179,0.1529896213231224
12,14.25,0.369880701754386,0.4073801521264787,0.18487405823835035
12,14.5,0.3626137931034483,0.3860786379679435,0.21225342617397724
12,14.75,0.35559322033898305,0.3689549170716513,0.23338161650492142
12,15.0,0.3488066666666667,0.3555993762724252,0.24809893957317247
12,15.25,0.3422426229508197,0.3451941966064953,0.25734897951531804
12,15.5,0.33589032258064516,0.3368524380421948,0.26259611481321593
12,15.75,0.32973968253968255,0.3298244413026262,0.26529228618819706
12,16.0,0.32378125,0.3235740839426786,0.2665558126911524
13,0.0,1.2172,1.137669052059762,0.2689491079239588
13,0.25,1.2172,1.1092661657683331,0.2679869041546098
13,0.5,1.2172,1.0765976662250871,0.2661263009756171
13,0.75,1.2172,1.042345554224556,0.26302348268052306
13,1.0,1.2172,1.0106686519674062,0.25789652975805893
13,1.25,1.2172,0.986464395735112,0.24943709388677168
13,1.5,1.2172,0.9740232895209149,0.23631922395256283
13,1.75,1.2172,0.9755213946763963,0.21825972080892322
13,2.0,1.2172,0.9900322026216002,0.19684960217850517
13,2.25,1.2172,1.013611564979723,0.1751838566694505
13,2.5,1.2172,1.0405146006094217,0.15630576946697505
13,2.75,1.2172,1.065015636861764,0.1418112728473564
13,3.0,1.2172,1.0830100760403816,0.13181593473570113
13,3.25,1.2172,1.0927870678075762,0.12580737338658762
13,3.5,1.2172,1.0949107426900042,0.1231273415590143
13,3.75,1.2172,1.0916144825727132,0.12280676710242848
13,4.0,1.2172,1.0861655487631066,0.12326123639405742
13,4.25,1.2172,1.0823391001527183,0.12233149044645295
13,4.5,1.2172,1.083821748619291,0.11807758648647936
13,4.75,1.2128421052631577,1.0890323259874568,0.11011842190474769
13,5.0,1.1496199999999999,1.0444822025852711,0.10017972758219512
13,5.25,1.0924190476190476,1.013937161167894,0.09097794498925196
13,5.5,1.0404181818181817,0.9937890105960497,0.08456762241793962
13,5.75,0.9929391304347827,0.9800653277360507,0.08163759957424381
13,6.0,0.9494166666666667,0.9695756171052297,0.08175609546372821
13,6.25,0.9093760000000001,0.9603775594133088,0.0838305761207864
13,6.5,0.8724153846153846,0.9513989278586548,0.08651129143137366
13,6.75,0.8381925925925926,0.9417273615771187,0.0886343456735758
13,7.0,0.8064142857142858,0.9303080044350176,0.08962985011021238
13,7.25,0.7768275862068966,0.9163477036682484,0.08970025126351328
13,7.5,0.7492133333333334,0.8999832487423468,0.0897423648640365
13,7.75,0.7233806451612903,0.882401561869459,0.09109592482843759
13,8.0,0.6991625,0.8649967960413427,0.09514857468656143
13,8.25,0.6764121212121212,0.8480490580155463,0.10274464903047055
13,8.5,0.655,0.8300518157518084,0.11334087557439616
13,8.75,0.6348114285714286,0.8085556432152876,0.12438734230219256
13,9.0,0.6157444444444444,0.7822838621057989,0.1324460230784013
13,9.25,0.5977081081081081,0.7531050024275869,0.13652061172778535
13,9.5,0.5806210526315789,0.7261902529665275,0.1402067247084083
13,9.75,0.5644102564102564,0.7077151151736245,0.1497035218214914
13,10.0,0.54901,0.7011833063499626,0.16965845505900018
13,10.25,0.5343609756097562,0.7046458690168175,0.19799546669136728
13,10.5,0.5204095238095239,0.7108101031809055,0.22022694579724966
13,10.75,0.507106976744186,0.7103354946264493,0.2149856119153554
13,11.0,0.4944090909090909,0.6965821616956642,0.17801168084925065
13,11.25,0.48227555555555557,0.6690840108078147,0.1301939738212254
13,11.5,0.47066956521739134,0.6337466252359488,0.09250202616346558
13,11.75,0.45955744680851063,0.5997295899970998,0.07021209787498761
13,12.0,0.44890833333333335,0.5748706621021693,0.05935989175579734
13,12.25,0.4386938775510204,0.562169637916192,0.055119022527684434
13,12.5,0.42888800000000005,0.5589938502240616,0.05567265225139221
13,12.75,0.4194666666666667,0.558998439512365,0.06312116468866724
13,13.0,0.4104076923076923,0.555369258431657,0.0801362999930093
13,13.25,0.4016905660377359,0.5436237237074388,0.10571052499593377
13,13.5,0.3932962962962963,0.5228276374855537,0.13605684953970143
13,13.75,0.38520727272727273,0.49512079088313926,0.16712235751443313
13,14.0,0.3774071428571429,0.4642347426282408,0.1956992057887582
13,14.25,0.369880701754386,0.4339054844814241,0.21968075310037508
13,14.5,0.3626137931034483,0.40681542230620327,0.2380519634832663
13,14.75,0.35559322033898305,0.3842495885055333,0.2508214898861343
13,15.0,0.3488066666666667,0.3663007074629408,0.25882799851587884
13,15.25,0.3422426229508197,0.3523237012624865,0.2633479529861332
13,15.5,0.33589032258064516,0.34138554334212357,0.26565130081806115
13,15.75,0.32973968253968255,0.33257810925802306,0.2667169362487813
13,16.0,0.32378125,0.3251723779494244,0.2671678666662141
14,0.0,1.3148,1.276718471966818,0.26922313164137934
14,0.25,1.3148,1.2538425216826399,0.2698548864680907
14,0.5,1.3148,1.2227737982002107,0.2701922676078211
14,0.75,1.3148,1.1839104977594395,0.26964649843342725
14,1.0,1.3148,1.1395495816830317,0.2673363790327609
14,1.25,1.3148,1.094033763344594,0.26216395526012154
14,1.5,1.3148,1.0531994488513483,0.25297427233058534
14,1.75,1.3148,1.0230738913789812,0.23881131586621682
14,2.0,1.3148,1.0081229859149863,0.2193886695269346
14,2.25,1.3148,1.0096809808585707,0.19579341692071944
14,2.5,1.3148,1.0252940917136844,0.17089823278179944
14,2.75,1.3148,1.049443689415034,0.14866828001496685
14,3.0,1.3148,1.0755289130858796,0.13248241803284444
14,3.25,1.3148,1.0983437907854758,0.12390650547396449
14,3.5,1.3148,1.1159416653796954,0.1229542950322921
14,3.75,1.3148,1.1299908523244384,0.1288278262309248
14,4.0,1.3148,1.144446254012227,0.13960920062450202
14,4.25,1.3148,1.1632322716944197,0.15124978294942804
14,4.5,1.2830888888888887,1.1564505834345309,0.15781964019896766
14,4.75,1.2128421052631577,1.116217159906931,0.1544482246629485
14,5.0,1.1496199999999999,1.0850479348787097,0.14097226195834855
14,5.25,1.0924190476190476,1.0588250284574823,0.1220317890450749
14,5.5,1.0404181818181817,1.035284459501772,0.103404754096735
14,5.75,0.9929391304347827,1.0144829734534628,0.08877972287245343
14,6.0,0.9494166666666667,0.9977683516011325,0.0792280390508881
14,6.25,0.9093760000000001,0.9859466452418427,0.07425710563143355
14,6.5,0.8724153846153846,0.9778842162832045,0.07285194423983567
14,6.75,0.8381925925925926,0.9705343482645765,0.07383150845553133
14,7.0,0.8064142857142858,0.9604527142539254,0.07579250756534117
14,7.25,0.7768275862068966,0.9458310056792045,0.07732061495895777
14,7.5,0.7492133333333334,0.9276284712480266,0.07768891691452184
14,7.75,0.7233806451612903,0.9088867993364461,0.07741067058570816
14,8.0,0.6991625,0.8925240920052909,0.07791453763317147
14,8.25,0.6764121212121212,0.879040457781082,0.08057015773278556
14,8.5,0.655,0.8658069575827033,0.08577560754984558
14,8.75,0.6348114285714286,0.8486681381703788,0.09245323460710521
14,9.0,0.6157444444444444,0.8250010356726235,0.09850164554067707
14,9.25,0.5977081081081081,0.7962076160283623,0.10271381408061334
14,9.5,0.5806210526315789,0.7677586931129308,0.10661042052267082
14,9.75,0.5644102564102564,0.746395583949008,0.1138496740837396
14,10.0,0.54901,0.7360136326898754,0.12765624605230286
14,10.25,0.5343609756097562,0.7348009994964886,0.14744136106633104
14,10.5,0.5204095238095239,0.7356045147886268,0.16526531845882472
14,10.75,0.507106976744186,0.7295555050766427,0.16790019600460893
14,11.0,0.4944090909090909,0.7109463692615821,0.14948307599103772
14,11.25,0.48227555555555557,0.680529416872619,0.11941700020414997
14,11.5,0.47066956521739134,0.6453328323102736,0.09158647133694137
14,11.75,0.45955744680851063,0.6151362820339911,0.07256947853779522
14,12.0,0.44890833333333335,0.5976169310076116,0.06190685964255353
14,12.25,0.4386938775510204,0.59476282769488,0.056909359750506525
14,12.5,0.42888800000000005,0.6022363710556842,0.05693997882070965
14,12.75,0.4194666666666667,0.6116592819111853,0.06559076296822348
14,13.0,0.4104076923076923,0.6143503357324943,0.0861520095520958
14,13.25,0.4016905660377359,0.6046102325429183,0.11626794695917174
14,13.5,0.3932962962962963,0.5812430650068996,0.1504888024137594
14,13.75,0.38520727272727273,0.5470906243677406,0.18365136100437987
14,14.0,0.3774071428571429,0.5072666566015316,0.2120851120780972
14,14.25,0.369880701754386,0.4671202525946787,0.2339035258628341
14,14.5,0.3626137931034483,0.43074389814288966,0.24889417495698118
14,14.75,0.35559322033898305,0.4003552342990842,0.2580960352334035
14,15.0,0.3488066666666667,0.37643689199625985,0.26314355130457623
14,15.25,0.3422426229508197,0.35829256266472964,0.2656283577872836
14,15.5,0.33589032258064516,0.34467603733290064,0.266734651515639
14,15.75,0.32973968253968255,0.3342770181975897,0.26718435702749704
14,16.0,0.32378125,0.32599418865480995,0.26735285070409043
15,0.0,1.4124,1.389462810542915,0.2677311256317247
15,0.25,1.4124,1.37218496424413,0.26777877771716835
15,0.5,1.4124,1.3457454554919397,0.2675355266264978
15,0.75,1.4124,1.307947386104051,0.26648259883621495
15,1.0,1.4124,1.2576008280294866,0.2637156697250189
15,1.25,1.4124,1.1953345994895113,0.25799874239089904
15,1.5,1.4124,1.1241600913319136,0.24810072905942737
15,1.75,1.4124,1.049450508718448,0.23342693657228958
15,2.0,1.4124,0.9781569165851933,0.21476051161764656
15,2.25,1.4124,0.9174075371834063,0.19472551504594363
15,2.5,1.4124,0.8729801563443083,0.17741589251994475
15,2.75,1.4124,0.8482763687284551,0.16675739984701493
15,3.0,1.4124,0.844211159303128,0.16436776565690137
15,3.25,1.4124,0.8599306526685067,0.16917860264022438
15,3.5,1.4124,0.8937828327823991,0.17911917616740122
15,3.75,1.4124,0.943839951849617,0.1921144221396361
15,4.0,1.4124,1.0076417639403488,0.2055198865612391
15,4.25,1.3616,1.03067083670984,0.215873741696094
15,4.5,1.2830888888888887,1.0306142436425236,0.22004118903804856
15,4.75,1.2128421052631577,1.036899824095117,0.21666077809009657
15,5.0,1.1496199999999999,1.0421407505763616,0.20643666198881222
15,5.25,1.0924190476190476,1.0414430040994793,0.1912846306295072
15,5.5,1.0404181818181817,1.033488784555962,0.17340883971472457
15,5.75,0.9929391304347827,1.0202135665960548,0.15493657110198342
15,6.0,0.9494166666666667,1.0051664634492976,0.13783544015518887
15,6.25,0.9093760000000001,0.991405160650889,0.1236804115835199
15,6.5,0.8724153846153846,0.9800288582763328,0.11329469572885649
15,6.75,0.8381925925925926,0.9700472330870243,0.106550229517499
15,7.0,0.8064142857142858,0.9594781660224475,0.10245022119887318
15,7.25,0.7768275862068966,0.9468583306401827,0.09947795744753189
15,7.5,0.7492133333333334,0.932171154790701,0.09623387730924501
15,7.75,0.7233806451612903,0.9166507934848221,0.0921738242571626
15,8.0,0.6991625,0.9017118705008057,0.0878707293506867
15,8.25,0.6764121212121212,0.8878576033089096,0.08449676836582952
15,8.5,0.655,0.874415150623385,0.08304038190766075
15,8.75,0.6348114285714286,0.8603199855814405,0.08392058447579052
15,9.0,0.6157444444444444,0.8453489424978702,0.08712713534811456
15,9.25,0.5977081081081081,0.8307841045124523,0.09268395084357903
15,9.5,0.5806210526315789,0.8188221782044542,0.10112722116932345
15,9.75,0.5644102564102564,0.8109410585871131,0.11352225331201228
15,10.0,0.54901,0.8062781259717656,0.13053050312038755
15,10.25,0.5343609756097562,0.8012385591051238,0.15042371114228487
15,10.5,0.5204095238095239,0.7908622206263866,0.16727876730932928
15,10.75,0.507106976744186,0.7713566172374016,0.17272709842643538
15,11.0,0.4944090909090909,0.7423888350619082,0.16256851280187395
15,11.25,0.48227555555555557,0.707767651697089,0.14126346365032577
15,11.5,0.47066956521739134,0.6740253269179265,0.11778988132485826
15,11.75,0.45955744680851063,0.6475786915779947,0.09873581148867908
15,12.0,0.44890833333333335,0.6319058604609687,0.08612168924567884
15,12.25,0.4386938775510204,0.626107732336918,0.07929325930342208
15,12.5,0.42888800000000005,0.6254389199246778,0.07823832086375605
15,12.75,0.4194666666666667,0.6233918125349021,0.08576247764967258
15,13.0,0.4104076923076923,0.6142524897222784,0.10462613929288336
15,13.25,0.4016905660377359,0.5950029954538533,0.13295384129777457
15,13.5,0.3932962962962963,0.565929873682839,0.16538562164125903
15,13.75,0.38520727272727273,0.529971199537763,0.19645629603717327
15,14.0,0.3774071428571429,0.4913355229149963,0.22234791151352262
15,14.25,0.369880701754386,0.45407087693254755,0.24138578712988443
15,14.5,0.3626137931034483,0.4210854530052493,0.2537927891659701
15,14.75,0.35559322033898305,0.39379830592062415,0.260969614144546
15,15.0,0.3488066666666667,0.37231414227839177,0.26466078174079705
15,15.25,0.3422426229508197,0.3558750563349742,0.26635464189899505
15,15.5,0.33589032258064516,0.3433470237139063,0.26705215431601764
15,15.75,0.32973968253968255,0.3335891534484603,0.26731188574470227
15,16.0,0.32378125,0.32565783348262156,0.2674001307128746
